,repetition,rank,name,abbr,price,24hr_volume,mktcap,deeplink
0,1,401,BuySell,BULL,1.58,0.0,7970359,https://www.coingecko.com/en/coins/buysell
1,1,402,YAM,YAM,0.638937,391595,7953798,https://www.coingecko.com/en/coins/yam
2,1,398,Populous,PPT,0.217778,412128,7898520,https://www.coingecko.com/en/coins/populous
3,1,403,Meme,MEME,365.84,1060042,7871734,https://www.coingecko.com/en/coins/meme
4,1,405,Alephim,ALEPH,0.134125,88117,7796787,https://www.coingecko.com/en/coins/aleph-im
5,1,404,VideoCoin,VID,0.05347332,111223,7791498,https://www.coingecko.com/en/coins/videocoin
6,1,407,Minter,BIP,0.00271212,17568.94,7754744,https://www.coingecko.com/en/coins/bip
7,1,409,LikeCoin,LIKE,0.00760678,122334,7670977,https://www.coingecko.com/en/coins/likecoin
8,1,410,PumaPay,PMA,0.00028837,2252.81,7659092,https://www.coingecko.com/en/coins/pumapay
9,1,408,Arcblock,ABT,0.07815317,4427618,7645730,https://www.coingecko.com/en/coins/arcblock
10,1,411,GoChain,GO,0.00726588,140685,7570092,https://www.coingecko.com/en/coins/gochain
11,1,406,DigitalNote,XDN,0.00148580,358212,7551760,https://www.coingecko.com/en/coins/digitalnote
12,1,412,Blocknet,BLOCK,1.05,11754.01,7549360,https://www.coingecko.com/en/coins/blocknet
13,1,413,OduwaCoin,OWC,0.497910,23023,7418071,https://www.coingecko.com/en/coins/oduwa-coin
14,1,414,tBTC,TBTC,11886.78,26370,7416508,https://www.coingecko.com/en/coins/tbtc
15,1,415,SmartCash,SMART,0.00330685,339421,7409749,https://www.coingecko.com/en/coins/smartcash
16,1,416,Hycon,HYC,0.00320896,964014,7375706,https://www.coingecko.com/en/coins/hycon
17,1,418,XMax,XMX,0.00027163,532425,7342628,https://www.coingecko.com/en/coins/xmax
18,1,417,IoTChain,ITC,0.102024,766007,7293135,https://www.coingecko.com/en/coins/iot-chain
19,1,420,DaTaeXchangeToken,DTX,0.03200778,4085.39,7201750,https://www.coingecko.com/en/coins/data-exchange-token
20,1,421,iETH,IETH,253.89,11810.28,7194774,https://www.coingecko.com/en/coins/ieth
21,1,422,DMarket,DMT,0.140475,55014,7183301,https://www.coingecko.com/en/coins/dmarket
22,1,423,SWFTBlockchain,SWFTC,0.00108960,2806730,7087994,https://www.coingecko.com/en/coins/swft-blockchain
23,1,424,DXDao,DXD,144.31,1266527,7086694,https://www.coingecko.com/en/coins/dxdao
24,1,426,SelfKey,KEY,0.00254815,6890674,7073194,https://www.coingecko.com/en/coins/selfkey
25,1,425,Cherry,CHERRY,1.84,921.59,7071539,https://www.coingecko.com/en/coins/cherry
26,1,427,XplosiveEthereum,XETH,2.84,93734,7054319,https://www.coingecko.com/en/coins/xplosive-ethereum
27,1,429,Linkeye,LET,0.01120363,1816288,7011641,https://www.coingecko.com/en/coins/linkeye
28,1,428,Gifto,GTO,0.01060785,2918090,7008027,https://www.coingecko.com/en/coins/gifto
29,1,432,MoedaLoyaltyPoints,MDA,0.351451,1603235,6978182,https://www.coingecko.com/en/coins/moeda-loyalty-points
30,1,430,PieDAODOUGHv2,DOUGH,1.70,284084,6965858,https://www.coingecko.com/en/coins/piedao-dough-v2
31,1,431,PCHAIN,PI,0.00856029,42197,6963908,https://www.coingecko.com/en/coins/pchain
32,1,433,AaveWBTC,AWBTC,11570.37,7028424,6947331,https://www.coingecko.com/en/coins/aave-wbtc
33,1,434,Covesting,COV,0.345890,24535,6917800,https://www.coingecko.com/en/coins/covesting
34,1,436,TimeNewBank,TNB,0.00198571,403759,6884282,https://www.coingecko.com/en/coins/time-new-bank
35,1,437,BiboxToken,BIX,0.05981458,4508018,6881186,https://www.coingecko.com/en/coins/bibox-token
36,1,435,Neblio,NEBL,0.404573,93746,6870465,https://www.coingecko.com/en/coins/neblio
37,1,439,Sentivate,SNTVT,0.00358230,260597,6788824,https://www.coingecko.com/en/coins/sentivate
38,1,438,DOSNetwork,DOS,0.05129498,732688,6788135,https://www.coingecko.com/en/coins/dos-network
39,1,441,Phantasma,SOUL,0.07210760,265432,6780820,https://www.coingecko.com/en/coins/phantasma
40,1,440,CyberMiles,CMT,0.00842040,836180,6734332,https://www.coingecko.com/en/coins/cybermiles
41,1,443,Cartesi,CTSI,0.03361268,1076428,6669473,https://www.coingecko.com/en/coins/cartesi
42,1,442,district0x,DNT,0.00888985,176096,6657099,https://www.coingecko.com/en/coins/district0x
43,1,444,Ubiq,UBQ,0.156146,22551,6653244,https://www.coingecko.com/en/coins/ubiq
44,1,445,MeasurableDataToken,MDT,0.01095420,356523,6647632,https://www.coingecko.com/en/coins/measurable-data-token
45,1,446,Achain,ACT,0.00760803,2701798,6527874,https://www.coingecko.com/en/coins/achain
46,1,458,EffectAI,EFX,0.03141455,51510,6489632,https://www.coingecko.com/en/coins/effect-ai
47,1,447,OST,OST,0.00936396,1754223,6474616,https://www.coingecko.com/en/coins/ost
48,1,448,Universa,UTNP,0.00204880,57721,6468345,https://www.coingecko.com/en/coins/universa
49,1,449,Namecoin,NMC,0.405976,36989,6424372,https://www.coingecko.com/en/coins/namecoin
50,1,450,EUNO,EUNO,0.00105519,1698.87,6420933,https://www.coingecko.com/en/coins/euno
51,1,455,SentinelProtocol,UPP,0.01956422,115646,6418897,https://www.coingecko.com/en/coins/sentinel-protocol
52,1,451,LockTrip,LOC,0.388435,137.16,6413382,https://www.coingecko.com/en/coins/locktrip
53,1,452,SpankChain,SPANK,0.01058772,851.44,6406029,https://www.coingecko.com/en/coins/spankchain
54,1,454,FerrumNetwork,FRM,0.05515433,484786,6388173,https://www.coingecko.com/en/coins/ferrum-network
55,1,453,Statera,STA,0.07432345,227959,6373691,https://www.coingecko.com/en/coins/statera
56,1,456,Bitcoin2,BTC2,0.354811,101.56,6307870,https://www.coingecko.com/en/coins/bitcoin-2
57,1,457,Dynamic,DYN,0.415615,5330.71,6290714,https://www.coingecko.com/en/coins/dynamic
58,1,463,Kulupu,KLP,0.193949,840816,6215940,https://www.coingecko.com/en/coins/kulupu
59,1,459,bitCNY,BITCNY,0.150449,4518960,6205195,https://www.coingecko.com/en/coins/bitcny
60,1,461,ContentValueNetwork,CVNT,0.00982347,2235974,6178497,https://www.coingecko.com/en/coins/content-value-network
61,1,460,TenX,PAY,0.05243997,9309840,6161021,https://www.coingecko.com/en/coins/tenx
62,1,462,ODEM,ODE,0.02819175,92377,6151898,https://www.coingecko.com/en/coins/odem
63,1,464,Presearch,PRE,0.01534006,119182,6080035,https://www.coingecko.com/en/coins/presearch
64,1,465,Troy,TROY,0.00319309,946453,6066871,https://www.coingecko.com/en/coins/troy
65,1,468,MatrixAINetwork,MAN,0.03985229,70143,6018260,https://www.coingecko.com/en/coins/matrix-ai-network
66,1,466,Bread,BRD,0.08432871,54611,6001848,https://www.coingecko.com/en/coins/bread
67,1,467,ShroomFinance,SHROOM,0.116030,561851,5963065,https://www.coingecko.com/en/coins/shroom-finance
68,1,469,SirinLabsToken,SRN,0.01115778,1972801,5946653,https://www.coingecko.com/en/coins/sirin-labs-token
69,1,470,DigixGold,DGX,61.06,9520.85,5938488,https://www.coingecko.com/en/coins/digix-gold
70,1,471,Peercoin,PPC,0.221254,20542,5905048,https://www.coingecko.com/en/coins/peercoin
71,1,472,Zano,ZANO,0.477187,37616,5903880,https://www.coingecko.com/en/coins/zano
72,1,473,SteemDollars,SBD,0.994447,15120.40,5838158,https://www.coingecko.com/en/coins/steem-dollars
73,1,474,Everex,EVX,0.263643,279721,5746896,https://www.coingecko.com/en/coins/everex
74,1,475,GenesisVision,GVT,1.29,254722,5696858,https://www.coingecko.com/en/coins/genesis-vision
75,1,482,SingularDTV,SNGLS,0.00622393,237144,5639411,https://www.coingecko.com/en/coins/singulardtv
76,1,476,NAGA,NGC,0.07220656,962.65,5625632,https://www.coingecko.com/en/coins/naga
77,1,477,HUNT,HUNT,0.05144307,580945,5620565,https://www.coingecko.com/en/coins/hunt
78,1,481,Rarible,RARI,2.97,2256130,5595316,https://www.coingecko.com/en/coins/rarible
79,1,478,LINKA,LINKA,0.00465642,18275.74,5587703,https://www.coingecko.com/en/coins/linka
80,1,479,DegoFinance,DEGO,1.12,554784,5560239,https://www.coingecko.com/en/coins/dego-finance
81,1,483,AlphaFinance,ALPHA,0.03180120,9344114,5537748,https://www.coingecko.com/en/coins/alpha-finance
82,1,484,BankrollNetwork,BNKR,0.326029,82400,5491593,https://www.coingecko.com/en/coins/bankroll-network
83,1,485,Dock,DOCK,0.00978729,1782565,5481029,https://www.coingecko.com/en/coins/dock
84,1,480,Telos,TLOS,0.01868184,67.64,5428958,https://www.coingecko.com/en/coins/telos
85,1,486,MovieBloc,MBL,0.00153840,1300433,5427964,https://www.coingecko.com/en/coins/moviebloc
86,1,491,TOPNetwork,TOP,0.00132405,434983,5425960,https://www.coingecko.com/en/coins/top-network
87,1,487,Propy,PRO,0.09360703,125990,5424079,https://www.coingecko.com/en/coins/propy
88,1,488,Lien,LIEN,33.89,1088436,5422891,https://www.coingecko.com/en/coins/lien
89,1,493,DAOstack,GEN,0.115092,251328,5390087,https://www.coingecko.com/en/coins/daostack
90,1,490,Lamden,TAU,0.03445621,190774,5385744,https://www.coingecko.com/en/coins/lamden
91,1,492,EOSDT,EOSDT,0.997026,3511.10,5376111,https://www.coingecko.com/en/coins/eosdt
92,1,489,CNNS,CNNS,0.00304674,330477,5368486,https://www.coingecko.com/en/coins/cnns
93,1,494,Tael,WABI,0.09045188,786176,5335607,https://www.coingecko.com/en/coins/tael
94,1,495,SportandLeisure,SNL,0.02176510,0,5326675,https://www.coingecko.com/en/coins/sport-and-leisure
95,1,496,JarvisRewardToken,JRT,0.06133299,302844,5282931,https://www.coingecko.com/en/coins/jarvis-reward-token
96,1,497,GenaroNetwork,GNX,0.01808207,1005161,5224762,https://www.coingecko.com/en/coins/genaro-network
97,1,499,Burst,BURST,0.00246517,17026.36,5193665,https://www.coingecko.com/en/coins/burst
98,1,498,SmartMesh,SMT,0.00311748,137229,5191042,https://www.coingecko.com/en/coins/smartmesh
99,1,501,Pluton,PLU,6.04,32596,5142162,https://www.coingecko.com/en/coins/pluton
100,2,101,Ampleforth,AMPL,0.897835,2388230,92133416,https://www.coingecko.com/en/coins/pluton
101,2,102,Holo,HOT,0.00050938,6191036,91058650,https://www.coingecko.com/en/coins/pluton
102,2,103,Status,SNT,0.02346689,5544621,90921626,https://www.coingecko.com/en/coins/pluton
103,2,104,Golem,GNT,0.09125996,3340687,90342963,https://www.coingecko.com/en/coins/pluton
104,2,105,ReserveRightsToken,RSR,0.00975503,49403003,90127928,https://www.coingecko.com/en/coins/pluton
105,2,106,IOST,IOST,0.00524915,30953016,87909219,https://www.coingecko.com/en/coins/pluton
106,2,107,Swipe,SXP,1.11,51867851,85204416,https://www.coingecko.com/en/coins/pluton
107,2,108,NervosNetwork,CKB,0.00403651,4554219,84946038,https://www.coingecko.com/en/coins/pluton
108,2,109,Solana,SOL,1.93,15395917,84203283,https://www.coingecko.com/en/coins/pluton
109,2,110,NEXO,NEXO,0.144972,4690919,80640306,https://www.coingecko.com/en/coins/pluton
110,2,111,TerraKRW,KRT,0.00087132,164471,79856667,https://www.coingecko.com/en/coins/pluton
111,2,112,AaveOLD,LEND,0.320360,3158191,78054843,https://www.coingecko.com/en/coins/pluton
112,2,113,KuCoinShares,KCS,0.939708,7354680,75596120,https://www.coingecko.com/en/coins/pluton
113,2,114,AaveUSDC,AUSDC,1.00,0,74626050,https://www.coingecko.com/en/coins/pluton
114,2,115,DFImoney,YFII,1839.72,139960868,72658102,https://www.coingecko.com/en/coins/pluton
115,2,116,Verge,XVG,0.00440234,2030015,72050204,https://www.coingecko.com/en/coins/pluton
116,2,117,sUSD,SUSD,1.01,3940749,70004007,https://www.coingecko.com/en/coins/pluton
117,2,118,Augur,REP,13.44,7406335,69142673,https://www.coingecko.com/en/coins/pluton
118,2,119,HuobiBTC,HBTC,11209.02,0,67367395,https://www.coingecko.com/en/coins/pluton
119,2,120,Divi,DIVI,0.03444909,389917,67301977,https://www.coingecko.com/en/coins/pluton
120,2,121,PAXGold,PAXG,1931.77,942648,66975718,https://www.coingecko.com/en/coins/pluton
121,2,122,Vitae,VITAE,3.36,1175332,66578364,https://www.coingecko.com/en/coins/pluton
122,2,123,HarvestFinance,FARM,297.42,10960876,65684009,https://www.coingecko.com/en/coins/pluton
123,2,124,Sushi,SUSHI,0.636719,27409568,63600888,https://www.coingecko.com/en/coins/pluton
124,2,125,MaticNetwork,MATIC,0.01582143,22167525,60538329,https://www.coingecko.com/en/coins/pluton
125,2,126,BancorNetworkToken,BNT,0.910463,58864016,59972120,https://www.coingecko.com/en/coins/pluton
126,2,127,Komodo,KMD,0.487670,2752160,59853463,https://www.coingecko.com/en/coins/pluton
127,2,128,Fantom,FTM,0.02372697,9504387,59614336,https://www.coingecko.com/en/coins/pluton
128,2,129,apMCoin,APM,0.163329,6466111,59454173,https://www.coingecko.com/en/coins/pluton
129,2,130,Horizen,ZEN,5.70,6856159,58600125,https://www.coingecko.com/en/coins/pluton
130,2,131,UquidCoin,UQC,5.76,7639747,57547353,https://www.coingecko.com/en/coins/pluton
131,2,132,Steem,STEEM,0.156551,4109704,57343744,https://www.coingecko.com/en/coins/pluton
132,2,133,RIFToken,RIF,0.08597796,326193,56423595,https://www.coingecko.com/en/coins/pluton
133,2,134,Chiliz,CHZ,0.01051907,4600623,56147105,https://www.coingecko.com/en/coins/pluton
134,2,135,iExecRLC,RLC,0.792662,4692352,55815578,https://www.coingecko.com/en/coins/pluton
135,2,136,Gnosis,GNO,50.49,674526,55590436,https://www.coingecko.com/en/coins/pluton
136,2,137,cVaultfinance,CORE,5542.40,10135710,55349087,https://www.coingecko.com/en/coins/pluton
137,2,138,MATH,MATH,0.475915,2286119,55061246,https://www.coingecko.com/en/coins/pluton
138,2,139,Storj,STORJ,0.383125,18558085,55009743,https://www.coingecko.com/en/coins/pluton
139,2,140,Constellation,DAG,0.01000087,312202,54900969,https://www.coingecko.com/en/coins/pluton
140,2,141,Electroneum,ETN,0.00535336,1030744,54552026,https://www.coingecko.com/en/coins/pluton
141,2,142,Kava,KAVA,1.84,9271267,54345917,https://www.coingecko.com/en/coins/pluton
142,2,143,Serum,SRM,1.07,25562277,53468759,https://www.coingecko.com/en/coins/pluton
143,2,144,KeepNetwork,KEEP,0.494770,1832336,53463651,https://www.coingecko.com/en/coins/pluton
144,2,145,Hive,HIVE,0.136623,1410022,52866157,https://www.coingecko.com/en/coins/pluton
145,2,146,c0x,CZRX,0.00749920,592155,52670664,https://www.coingecko.com/en/coins/pluton
146,2,147,ShareToken,SHR,0.02156701,4899470,52093363,https://www.coingecko.com/en/coins/pluton
147,2,148,EightHours,EHRT,0.02706386,203832,51881012,https://www.coingecko.com/en/coins/pluton
148,2,149,Velas,VLX,0.03691538,2577704,51685898,https://www.coingecko.com/en/coins/pluton
149,2,150,Enigma,ENG,0.624472,170438,51573341,https://www.coingecko.com/en/coins/pluton
150,2,151,WAX,WAXP,0.03762547,402562,51417119,https://www.coingecko.com/en/coins/pluton
151,2,152,SwissBorg,CHSB,0.07051190,311403,50880101,https://www.coingecko.com/en/coins/pluton
152,2,153,BitShares,BTS,0.01870506,12592511,50477287,https://www.coingecko.com/en/coins/pluton
153,2,154,UTRUST,UTK,0.110683,3237467,49897540,https://www.coingecko.com/en/coins/pluton
154,2,155,IRISnet,IRIS,0.05871456,3873858,49728344,https://www.coingecko.com/en/coins/pluton
155,2,156,Helium,HNT,1.10,2688424,49590875,https://www.coingecko.com/en/coins/pluton
156,2,157,Energi,NRG,1.45,1215057,49456744,https://www.coingecko.com/en/coins/pluton
157,2,158,Ardor,ARDR,0.04939114,3216810,49328140,https://www.coingecko.com/en/coins/pluton
158,2,159,WrappedNXM,WNXM,25.94,12549313,48015530,https://www.coingecko.com/en/coins/pluton
159,2,160,TitanSwap,TITAN,0.471699,5246465,47873052,https://www.coingecko.com/en/coins/pluton
160,2,161,MCO,MCO,3.02,3584845,47683465,https://www.coingecko.com/en/coins/pluton
161,2,162,HyperCash,HC,1.06,6579523,47527182,https://www.coingecko.com/en/coins/pluton
162,2,163,TomoChain,TOMO,0.623000,7106724,47033743,https://www.coingecko.com/en/coins/pluton
163,2,164,Ankr,ANKR,0.00797282,11963079,46560704,https://www.coingecko.com/en/coins/pluton
164,2,165,MaidSafeCoin,MAID,0.101582,223452,46023440,https://www.coingecko.com/en/coins/pluton
165,2,166,Livepeer,LPT,1.96,66545,45014418,https://www.coingecko.com/en/coins/pluton
166,2,167,Hxro,HXRO,0.211537,303657,44388830,https://www.coingecko.com/en/coins/pluton
167,2,168,RocketPool,RPL,2.76,1061355,43822804,https://www.coingecko.com/en/coins/pluton
168,2,169,Unibright,UBT,0.309316,1369755,43115545,https://www.coingecko.com/en/coins/pluton
169,2,170,Ark,ARK,0.281431,1835781,43063457,https://www.coingecko.com/en/coins/pluton
170,2,171,elf,ELF,0.09173524,6392557,42275653,https://www.coingecko.com/en/coins/pluton
171,2,172,Ultra,UOS,0.09059465,582095,42248600,https://www.coingecko.com/en/coins/pluton
172,2,173,ZBToken,ZB,0.265339,10034400,41884354,https://www.coingecko.com/en/coins/pluton
173,2,174,Zcoin,XZC,3.76,5197226,41806744,https://www.coingecko.com/en/coins/pluton
174,2,175,Edgeware,EDG,0.00778921,430435,39747327,https://www.coingecko.com/en/coins/pluton
175,2,176,Aeternity,AE,0.107704,8957489,39662200,https://www.coingecko.com/en/coins/pluton
176,2,177,Stratis,STRAT,0.389354,1189734,39090450,https://www.coingecko.com/en/coins/pluton
177,2,178,MXC,MXC,0.01608280,2932190,38822239,https://www.coingecko.com/en/coins/pluton
178,2,179,Handshake,HNS,0.122487,894978,38682934,https://www.coingecko.com/en/coins/pluton
179,2,180,STASISEURO,EURS,1.19,730165,38128879,https://www.coingecko.com/en/coins/pluton
180,2,181,mStableUSD,MUSD,0.999409,778669,37195294,https://www.coingecko.com/en/coins/pluton
181,2,182,WaykiChain,WICC,0.198370,7669402,37061758,https://www.coingecko.com/en/coins/pluton
182,2,183,PundiX,NPXS,0.00015650,1220763,37003446,https://www.coingecko.com/en/coins/pluton
183,2,184,CurveDAOToken,CRV,0.366460,26577109,36938533,https://www.coingecko.com/en/coins/pluton
184,2,185,JUST,JST,0.02559028,63659027,36694153,https://www.coingecko.com/en/coins/pluton
185,2,186,Chimpion,BNANA,0.960188,669155,36191175,https://www.coingecko.com/en/coins/pluton
186,2,187,Harmony,ONE,0.00494763,4228787,35642279,https://www.coingecko.com/en/coins/pluton
187,2,188,VSYSTEMS,VSYS,0.01672242,2498768,35382346,https://www.coingecko.com/en/coins/pluton
188,2,189,cUSDT,CUSDT,0.02032085,394163,35328272,https://www.coingecko.com/en/coins/pluton
189,2,190,xDAIStake,STAKE,11.81,5192797,35198488,https://www.coingecko.com/en/coins/pluton
190,2,191,IoTeX,IOTX,0.00593329,2615365,34660771,https://www.coingecko.com/en/coins/pluton
191,2,192,SOLVE,SOLVE,0.09895128,1029232,34580049,https://www.coingecko.com/en/coins/pluton
192,2,193,Aion,AION,0.07348985,1012919,34427599,https://www.coingecko.com/en/coins/pluton
193,2,194,SingularityNET,AGI,0.03622733,714622,34249754,https://www.coingecko.com/en/coins/pluton
194,2,195,PowerLedger,POWR,0.07911657,889797,33965149,https://www.coingecko.com/en/coins/pluton
195,2,196,BitmaxToken,BTMX,0.04348677,3158701,33359902,https://www.coingecko.com/en/coins/pluton
196,2,197,PolymathNetwork,POLY,0.04659990,2079362,33248458,https://www.coingecko.com/en/coins/pluton
197,2,198,Elastos,ELA,1.78,3622445,33139289,https://www.coingecko.com/en/coins/pluton
198,2,199,Lambda,LAMB,0.01753133,5521656,32717450,https://www.coingecko.com/en/coins/pluton
199,2,200,Fetchai,FET,0.04757721,5224814,32617224,https://www.coingecko.com/en/coins/pluton
200,2,401,DigitalNote,XDN,0.00158547,104128,8040475,https://www.coingecko.com/en/coins/pluton
201,2,402,SAFE2,SAFE2,151.91,635562,8022117,https://www.coingecko.com/en/coins/pluton
202,2,403,Syndicate,SYNX,0.193162,0,7990472,https://www.coingecko.com/en/coins/pluton
203,2,404,Lition,LIT,0.130046,199661,7938727,https://www.coingecko.com/en/coins/pluton
204,2,405,Populous,PPT,0.223828,680831,7876501,https://www.coingecko.com/en/coins/pluton
205,2,406,DaTaeXchangeToken,DTX,0.03491930,6104.90,7745511,https://www.coingecko.com/en/coins/pluton
206,2,407,VideoCoin,VID,0.05285147,118866,7715923,https://www.coingecko.com/en/coins/pluton
207,2,408,tBTC,TBTC,12250.82,6869.40,7702215,https://www.coingecko.com/en/coins/pluton
208,2,409,LikeCoin,LIKE,0.00764724,165610,7701148,https://www.coingecko.com/en/coins/pluton
209,2,410,Minter,BIP,0.00270248,31821,7666887,https://www.coingecko.com/en/coins/pluton
210,2,411,SmartCash,SMART,0.00339552,305257,7595744,https://www.coingecko.com/en/coins/pluton
211,2,412,YAM,YAM,0.621773,333388,7476011,https://www.coingecko.com/en/coins/pluton
212,2,413,Cherry,CHERRY,1.92,5331.80,7371098,https://www.coingecko.com/en/coins/pluton
213,2,414,XMax,XMX,0.00027162,481129,7311332,https://www.coingecko.com/en/coins/pluton
214,2,415,PCHAIN,PI,0.00888956,29838,7299524,https://www.coingecko.com/en/coins/pluton
215,2,416,IoTChain,ITC,0.102183,375732,7270762,https://www.coingecko.com/en/coins/pluton
216,2,417,MoedaLoyaltyPoints,MDA,0.370863,2375605,7263569,https://www.coingecko.com/en/coins/pluton
217,2,418,iETH,IETH,255.67,12354.40,7260039,https://www.coingecko.com/en/coins/pluton
218,2,419,PieDAODOUGHv2,DOUGH,1.77,221876,7240175,https://www.coingecko.com/en/coins/pluton
219,2,420,Arcblock,ABT,0.07460930,3914527,7218349,https://www.coingecko.com/en/coins/pluton
220,2,421,AaveWBTC,AWBTC,11945.95,0,7179513,https://www.coingecko.com/en/coins/pluton
221,2,422,Hycon,HYC,0.00310025,934211,7124581,https://www.coingecko.com/en/coins/pluton
222,2,423,SelfKey,KEY,0.00254503,13379211,7120389,https://www.coingecko.com/en/coins/pluton
223,2,424,Alephim,ALEPH,0.125936,206065,7110998,https://www.coingecko.com/en/coins/pluton
224,2,425,SWFTBlockchain,SWFTC,0.00109020,2182308,7081233,https://www.coingecko.com/en/coins/pluton
225,2,426,Linkeye,LET,0.01129607,1413190,7071982,https://www.coingecko.com/en/coins/pluton
226,2,427,MeasurableDataToken,MDT,0.01152142,826854,7021424,https://www.coingecko.com/en/coins/pluton
227,2,428,GoChain,GO,0.00670020,238772,6966748,https://www.coingecko.com/en/coins/pluton
228,2,429,DXDao,DXD,142.61,1144350,6947191,https://www.coingecko.com/en/coins/pluton
229,2,430,PumaPay,PMA,0.00025626,63653,6773357,https://www.coingecko.com/en/coins/pluton
230,2,431,DMarket,DMT,0.132231,130327,6765092,https://www.coingecko.com/en/coins/pluton
231,2,432,Neblio,NEBL,0.397567,47974,6760966,https://www.coingecko.com/en/coins/pluton
232,2,433,TimeNewBank,TNB,0.00194822,374210,6732837,https://www.coingecko.com/en/coins/pluton
233,2,434,Meme,MEME,309.12,890401,6684416,https://www.coingecko.com/en/coins/pluton
234,2,435,Universa,UTNP,0.00210176,61661,6670869,https://www.coingecko.com/en/coins/pluton
235,2,436,district0x,DNT,0.00877968,322843,6647800,https://www.coingecko.com/en/coins/pluton
236,2,437,BiboxToken,BIX,0.05719900,4403429,6615621,https://www.coingecko.com/en/coins/pluton
237,2,438,CyberMiles,CMT,0.00827080,1447751,6607136,https://www.coingecko.com/en/coins/pluton
238,2,439,Covesting,COV,0.330139,24163,6595231,https://www.coingecko.com/en/coins/pluton
239,2,440,LockTrip,LOC,0.396191,1370.13,6532717,https://www.coingecko.com/en/coins/pluton
240,2,441,XplosiveEthereum,XETH,2.62,59561,6512502,https://www.coingecko.com/en/coins/pluton
241,2,442,TenX,PAY,0.05435838,10447577,6414434,https://www.coingecko.com/en/coins/pluton
242,2,443,Gifto,GTO,0.00970373,3677750,6403728,https://www.coingecko.com/en/coins/pluton
243,2,444,Sentivate,SNTVT,0.00335512,300678,6372982,https://www.coingecko.com/en/coins/pluton
244,2,445,Namecoin,NMC,0.407411,36671,6364652,https://www.coingecko.com/en/coins/pluton
245,2,446,Achain,ACT,0.00735557,2857648,6314471,https://www.coingecko.com/en/coins/pluton
246,2,447,Cartesi,CTSI,0.03198044,1178821,6303691,https://www.coingecko.com/en/coins/pluton
247,2,448,SentinelProtocol,UPP,0.01927326,148023,6292640,https://www.coingecko.com/en/coins/pluton
248,2,449,DOSNetwork,DOS,0.05080083,804024,6267844,https://www.coingecko.com/en/coins/pluton
249,2,450,CNNS,CNNS,0.00352786,562266,6239467,https://www.coingecko.com/en/coins/pluton
250,2,451,SpankChain,SPANK,0.01030101,15199.48,6232555,https://www.coingecko.com/en/coins/pluton
251,2,452,ContentValueNetwork,CVNT,0.00990900,1491163,6219310,https://www.coingecko.com/en/coins/pluton
252,2,453,bitCNY,BITCNY,0.150860,8824123,6217129,https://www.coingecko.com/en/coins/pluton
253,2,454,Bread,BRD,0.08613821,634921,6108886,https://www.coingecko.com/en/coins/pluton
254,2,455,OST,OST,0.00890818,687150,6100862,https://www.coingecko.com/en/coins/pluton
255,2,456,Presearch,PRE,0.01536798,104668,6091844,https://www.coingecko.com/en/coins/pluton
256,2,457,Peercoin,PPC,0.228005,20915,6067687,https://www.coingecko.com/en/coins/pluton
257,2,458,DigixGold,DGX,61.56,10312.93,6024877,https://www.coingecko.com/en/coins/pluton
258,2,459,Ubiq,UBQ,0.140220,9669.75,5974664,https://www.coingecko.com/en/coins/pluton
259,2,460,Phantasma,SOUL,0.06344328,219075,5972427,https://www.coingecko.com/en/coins/pluton
260,2,461,Dynamic,DYN,0.393264,163.20,5952909,https://www.coingecko.com/en/coins/pluton
261,2,462,SirinLabsToken,SRN,0.01110987,228196,5923180,https://www.coingecko.com/en/coins/pluton
262,2,463,Statera,STA,0.06872395,147059,5882393,https://www.coingecko.com/en/coins/pluton
263,2,464,SteemDollars,SBD,0.998888,12294.26,5864230,https://www.coingecko.com/en/coins/pluton
264,2,465,Zano,ZANO,0.473918,31743,5864125,https://www.coingecko.com/en/coins/pluton
265,2,466,Troy,TROY,0.00309005,1142422,5838762,https://www.coingecko.com/en/coins/pluton
266,2,467,NAGA,NGC,0.07493110,7.49,5837902,https://www.coingecko.com/en/coins/pluton
267,2,468,Rally,RLY,0.174065,81504,5773216,https://www.coingecko.com/en/coins/pluton
268,2,469,EffectAI,EFX,0.02792558,55272,5756430,https://www.coingecko.com/en/coins/pluton
269,2,470,LCX,LCX,0.01594624,1934865,5629384,https://www.coingecko.com/en/coins/pluton
270,2,471,Telos,TLOS,0.01939010,573.15,5621888,https://www.coingecko.com/en/coins/pluton
271,2,472,ShroomFinance,SHROOM,0.109334,1063994,5610848,https://www.coingecko.com/en/coins/pluton
272,2,473,Bitcoin2,BTC2,0.315155,163.17,5603032,https://www.coingecko.com/en/coins/pluton
273,2,474,DAOstack,GEN,0.117231,276175,5593171,https://www.coingecko.com/en/coins/pluton
274,2,475,LINKA,LINKA,0.00460137,21715,5521647,https://www.coingecko.com/en/coins/pluton
275,2,476,EOSDT,EOSDT,1.02,2965.15,5489416,https://www.coingecko.com/en/coins/pluton
276,2,477,Everex,EVX,0.251519,341596,5475237,https://www.coingecko.com/en/coins/pluton
277,2,478,HUNT,HUNT,0.04974331,834590,5434368,https://www.coingecko.com/en/coins/pluton
278,2,479,GenesisVision,GVT,1.23,233594,5434314,https://www.coingecko.com/en/coins/pluton
279,2,480,MovieBloc,MBL,0.00154091,1095904,5418542,https://www.coingecko.com/en/coins/pluton
280,2,481,FerrumNetwork,FRM,0.04762389,635715,5397536,https://www.coingecko.com/en/coins/pluton
281,2,482,Lamden,TAU,0.03407996,213645,5340495,https://www.coingecko.com/en/coins/pluton
282,2,483,Propy,PRO,0.09195640,139337,5326138,https://www.coingecko.com/en/coins/pluton
283,2,484,TOPNetwork,TOP,0.00128516,325693,5245911,https://www.coingecko.com/en/coins/pluton
284,2,485,EUNO,EUNO,0.00086819,6786.83,5219685,https://www.coingecko.com/en/coins/pluton
285,2,486,SportandLeisure,SNL,0.02124242,268983,5198757,https://www.coingecko.com/en/coins/pluton
286,2,487,GenaroNetwork,GNX,0.01810157,798993,5198088,https://www.coingecko.com/en/coins/pluton
287,2,488,Sense,SENSE,0.00449364,2751.42,5164569,https://www.coingecko.com/en/coins/pluton
288,2,489,Polis,POLIS,0.428715,789.77,5157112,https://www.coingecko.com/en/coins/pluton
289,2,490,AlphaFinance,ALPHA,0.02998580,7690108,5157077,https://www.coingecko.com/en/coins/pluton
290,2,491,DegoFinance,DEGO,1.03,547768,5126418,https://www.coingecko.com/en/coins/pluton
291,2,492,Kulupu,KLP,0.160301,725806,5126234,https://www.coingecko.com/en/coins/pluton
292,2,493,Dock,DOCK,0.00917351,6082601,5102791,https://www.coingecko.com/en/coins/pluton
293,2,494,Dero,DERO,0.506249,196693,5100566,https://www.coingecko.com/en/coins/pluton
294,2,495,Revain,REV,0.01048968,407711,5084207,https://www.coingecko.com/en/coins/pluton
295,2,496,Starname,IOV,0.04139502,405579,5081671,https://www.coingecko.com/en/coins/pluton
296,2,497,CoinHeToken,CHT,0.07592790,93602,5043587,https://www.coingecko.com/en/coins/pluton
297,2,498,SmartMesh,SMT,0.00303558,154725,5038359,https://www.coingecko.com/en/coins/pluton
298,2,499,JarvisRewardToken,JRT,0.05849490,214956,5014483,https://www.coingecko.com/en/coins/pluton
299,2,500,OneRootNetwork,RNT,0.01761640,790135,5002217,https://www.coingecko.com/en/coins/pluton
300,1,202,Tellor,TRB,21.80,29024531,32867715,https://www.coingecko.com/en/coins/tellor
301,1,201,BTUProtocol,BTU,0.410375,537932,32848988,https://www.coingecko.com/en/coins/btu-protocol
302,1,203,Wanchain,WAN,0.258866,710320,32525699,https://www.coingecko.com/en/coins/wanchain
303,1,206,PolymathNetwork,POLY,0.04550526,690637,32506839,https://www.coingecko.com/en/coins/polymath-network
304,1,204,USDK,USDK,0.998878,9695044,32505174,https://www.coingecko.com/en/coins/usdk
305,1,205,DIA,DIA,1.27,10255249,32455310,https://www.coingecko.com/en/coins/dia
306,1,208,Elastos,ELA,1.74,2928194,32345438,https://www.coingecko.com/en/coins/elastos
307,1,207,StreamrDATAcoin,DATA,0.04636743,8938970,32322932,https://www.coingecko.com/en/coins/streamr-datacoin
308,1,209,SERO,SERO,0.107540,3698266,31616772,https://www.coingecko.com/en/coins/sero
309,1,210,Orbs,ORBS,0.01366041,401934,30901181,https://www.coingecko.com/en/coins/orbs
310,1,211,OriginTrail,TRAC,0.102291,98507,29656018,https://www.coingecko.com/en/coins/origintrail
311,1,212,WHALE,WHALE,7.02,280399,29626858,https://www.coingecko.com/en/coins/whale
312,1,213,sBTC,SBTC,11915.58,138219,29164059,https://www.coingecko.com/en/coins/sbtc
313,1,214,QuarkChain,QKC,0.00497451,1167628,29133902,https://www.coingecko.com/en/coins/quarkchain
314,1,215,KardiaChain,KAI,0.01653455,1418861,28929924,https://www.coingecko.com/en/coins/kardiachain
315,1,216,ThunderCore,TT,0.00453847,3303161,28820642,https://www.coingecko.com/en/coins/thundercore
316,1,217,GXChain,GXC,0.411793,8280609,28771536,https://www.coingecko.com/en/coins/gxchain
317,1,218,SWAGFinance,SWAG,0.272264,12897.24,28584261,https://www.coingecko.com/en/coins/swag-finance
318,1,219,Hashgard,GARD,0.00026155,222843,28394466,https://www.coingecko.com/en/coins/hashgard
319,1,220,AaveDAI,ADAI,1.01,990742,28388939,https://www.coingecko.com/en/coins/aave-dai
320,1,221,Reddcoin,RDD,0.00093823,21670,27874172,https://www.coingecko.com/en/coins/reddcoin
321,1,222,Ultiledger,ULT,0.01435191,210394,27590349,https://www.coingecko.com/en/coins/ultiledger
322,1,223,VoyagerToken,VGX,0.122671,414431,27198337,https://www.coingecko.com/en/coins/voyager-token
323,1,226,Kleros,PNK,0.05117389,798539,26915635,https://www.coingecko.com/en/coins/kleros
324,1,225,CRDT,CRDT,0.143291,187677,26652135,https://www.coingecko.com/en/coins/crdt
325,1,224,BOSAGORA,BOA,0.09313293,1783305,26516806,https://www.coingecko.com/en/coins/bosagora
326,1,228,IOCoin,IOC,1.41,27791,25984691,https://www.coingecko.com/en/coins/iocoin
327,1,227,MXToken,MX,0.166697,4298168,25968760,https://www.coingecko.com/en/coins/mx-token
328,1,229,ForceProtocol,FOR,0.02925090,1252531,25881760,https://www.coingecko.com/en/coins/force-protocol
329,1,230,ZBGToken,ZT,0.05168451,1813669,25842256,https://www.coingecko.com/en/coins/zbg_token
330,1,233,DigitexFuturesExchange,DGTX,0.03014972,2008736,25724980,https://www.coingecko.com/en/coins/digitex-futures-exchange
331,1,231,WOMProtocol,WOM,0.257167,2206738,25715533,https://www.coingecko.com/en/coins/wom-protocol
332,1,232,Akropolis,AKRO,0.01290654,8318402,25710292,https://www.coingecko.com/en/coins/akropolis
333,1,234,Aurora,AOA,0.00597273,3929726,25477344,https://www.coingecko.com/en/coins/aurora
334,1,237,PIVX,PIVX,0.370761,89030,25450768,https://www.coingecko.com/en/coins/pivx
335,1,235,Syscoin,SYS,0.04237145,580095,25328276,https://www.coingecko.com/en/coins/syscoin
336,1,236,Beowulf,BWF,0.02516363,3245.37,25163628,https://www.coingecko.com/en/coins/beowulf
337,1,238,SAND,SAND,0.04154102,6604655,25115825,https://www.coingecko.com/en/coins/sand
338,1,239,WINk,WIN,0.00007866,2760234,24646425,https://www.coingecko.com/en/coins/wink
339,1,240,Secret,SCRT,0.433238,244557,24432808,https://www.coingecko.com/en/coins/secret
340,1,241,Nuls,NULS,0.247692,8054318,24187375,https://www.coingecko.com/en/coins/nuls
341,1,242,NectarToken,NEC,0.151661,554860,23987467,https://www.coingecko.com/en/coins/nectar-token
342,1,243,PhalaNetwork,PHA,0.172797,14761025,23635520,https://www.coingecko.com/en/coins/phala-network
343,1,244,EterbaseUtilityToken,XBASE,0.02312966,0,23129657,https://www.coingecko.com/en/coins/eterbase
344,1,245,WazirX,WRX,0.09644428,7622603,22952256,https://www.coingecko.com/en/coins/wazirx
345,1,249,AirSwap,AST,0.132890,14450621,22891649,https://www.coingecko.com/en/coins/airswap
346,1,253,Bytecoin,BCN,0.00012434,14783.44,22887073,https://www.coingecko.com/en/coins/bytecoin
347,1,246,YuanChainCoin,YCC,0.00697242,117736,22774387,https://www.coingecko.com/en/coins/yuan-chain-coin
348,1,247,DifyFinance,YFIII,1405.83,1235586,22528170,https://www.coingecko.com/en/coins/dify-finance
349,1,248,CRYPTO20,C20,0.672640,329.93,22393937,https://www.coingecko.com/en/coins/crypto20
350,1,251,Strong,STRONG,45.55,65093,22375433,https://www.coingecko.com/en/coins/strong
351,1,250,LokiNetwork,LOKI,0.440737,57171,22374151,https://www.coingecko.com/en/coins/loki-network
352,1,252,OriginProtocol,OGN,0.171272,5644387,22323076,https://www.coingecko.com/en/coins/origin-protocol
353,1,254,NOIANetwork,NOIA,0.06857465,69198,22142410,https://www.coingecko.com/en/coins/noia-network
354,1,255,Wirex,WXT,0.00941128,739715,21648407,https://www.coingecko.com/en/coins/wirex
355,1,256,Travalacom,AVA,0.557083,436911,21474682,https://www.coingecko.com/en/coins/travala
356,1,257,RipioCreditNetwork,RCN,0.04197338,183012,21412746,https://www.coingecko.com/en/coins/ripio-credit-network
357,1,258,Haven,XHV,1.55,566522,21243336,https://www.coingecko.com/en/coins/haven
358,1,259,Contentos,COS,0.00699049,368881,21178916,https://www.coingecko.com/en/coins/contentos
359,1,260,Obyte,GBYTE,27.93,12597.86,21117483,https://www.coingecko.com/en/coins/obyte
360,1,261,AdEx,ADX,0.207091,1670464,21088579,https://www.coingecko.com/en/coins/adex
361,1,262,Gas,GAS,1.49,1389259,20718210,https://www.coingecko.com/en/coins/gas
362,1,265,Melon,MLN,18.25,3686924,20441864,https://www.coingecko.com/en/coins/melon
363,1,266,ChainX,PCX,2.80,1966908,20328235,https://www.coingecko.com/en/coins/chainx
364,1,263,PickleFinance,PICKLE,21.99,4158447,20325820,https://www.coingecko.com/en/coins/pickle-finance
365,1,264,VIDTDatalink,VIDT,0.437215,1330609,20276150,https://www.coingecko.com/en/coins/vidt-datalink
366,1,267,Bluzelle,BLZ,0.08152977,5353775,20066620,https://www.coingecko.com/en/coins/bluzelle
367,1,268,Crypterium,CRPT,0.235699,181468,20019720,https://www.coingecko.com/en/coins/crypterium
368,1,269,Metal,MTL,0.309314,2454851,19989659,https://www.coingecko.com/en/coins/metal
369,1,271,Hegic,HEGIC,0.09466915,436095,19743755,https://www.coingecko.com/en/coins/hegic
370,1,270,Sora,XOR,56.53,902877,19664831,https://www.coingecko.com/en/coins/sora
371,1,272,NewscryptoCoin,NWC,0.192905,662553,19560986,https://www.coingecko.com/en/coins/newscrypto-coin
372,1,274,VeThorToken,VTHO,0.00067701,2033810,19486473,https://www.coingecko.com/en/coins/vethor-token
373,1,273,Prometeus,PROM,2.84,976183,19484937,https://www.coingecko.com/en/coins/prometeus
374,1,276,DaricoEcosystemCoin,DEC2,0.306617,0,19318823,https://www.coingecko.com/en/coins/darico-ecosystem-coin
375,1,275,FUSION,FSN,0.305829,3968359,19235965,https://www.coingecko.com/en/coins/fusion
376,1,277,OrionProtocol,ORN,1.52,3012476,19004619,https://www.coingecko.com/en/coins/orion-protocol
377,1,279,Quantstamp,QSP,0.02618643,174870,18690569,https://www.coingecko.com/en/coins/quantstamp
378,1,278,Dent,DENT,0.00022271,356140,18619832,https://www.coingecko.com/en/coins/dent
379,1,280,FunFair,FUN,0.00308149,323449,18529341,https://www.coingecko.com/en/coins/funfair
380,1,281,Switcheo,SWTH,0.02610304,212582,18272128,https://www.coingecko.com/en/coins/switcheo
381,1,283,Cindicator,CND,0.00927216,46856,17888460,https://www.coingecko.com/en/coins/cindicator
382,1,284,YFLink,YFL,375.43,1233948,17710475,https://www.coingecko.com/en/coins/yf-link
383,1,285,Civic,CVC,0.02640533,1180952,17708801,https://www.coingecko.com/en/coins/civic
384,1,286,PerpetualProtocol,PERP,1.16,859353,17696991,https://www.coingecko.com/en/coins/perpetual-protocol
385,1,287,BEAM,BEAM,0.239420,5602720,17487127,https://www.coingecko.com/en/coins/beam
386,1,282,EtheriscDIPToken,DIP,0.104693,848873,17472697,https://www.coingecko.com/en/coins/etherisc
387,1,288,Request,REQ,0.02261050,133957,17466709,https://www.coingecko.com/en/coins/request-network
388,1,289,VerusCoin,VRSC,0.299349,19527.13,17423102,https://www.coingecko.com/en/coins/verus-coin
389,1,290,CelerNetwork,CELR,0.00439677,3463171,17364766,https://www.coingecko.com/en/coins/celer-network
390,1,291,COTI,COTI,0.03029234,2027944,17219634,https://www.coingecko.com/en/coins/coti
391,1,292,Mainframe,MFT,0.00183411,4751627,17209625,https://www.coingecko.com/en/coins/mainframe
392,1,293,LoomNetwork,LOOM,0.02032607,4392652,16961713,https://www.coingecko.com/en/coins/loom-network
393,1,294,Stakenet,XSN,0.156531,1227837,16827507,https://www.coingecko.com/en/coins/stakenet
394,1,295,BellaProtocol,BEL,1.04,5506410,16732137,https://www.coingecko.com/en/coins/bella-protocol
395,1,296,bZxProtocol,BZRX,0.117628,3404761,16539237,https://www.coingecko.com/en/coins/bzx-protocol
396,1,298,AXEL,AXEL,0.179646,201308,16535497,https://www.coingecko.com/en/coins/axel
397,1,297,RedFOXLabs,RFOX,0.204375,0,16517842,https://www.coingecko.com/en/coins/redfox-labs
398,1,299,StormX,STMX,0.00205310,153274,16366090,https://www.coingecko.com/en/coins/stormx
399,1,300,ARPAChain,ARPA,0.01827565,4211514,16098802,https://www.coingecko.com/en/coins/arpa-chain
400,2,1,Bitcoin,BTC,12225.15,23484788918,225719066489,https://www.coingecko.com/en/coins/arpa-chain
401,2,2,Ethereum,ETH,375.96,10440472207,42342911032,https://www.coingecko.com/en/coins/arpa-chain
402,2,3,Tether,USDT,1.00,27698651639,15916745503,https://www.coingecko.com/en/coins/arpa-chain
403,2,4,XRP,XRP,0.247244,1081551619,11184605890,https://www.coingecko.com/en/coins/arpa-chain
404,2,5,BitcoinCash,BCH,248.11,2134955035,4600495101,https://www.coingecko.com/en/coins/arpa-chain
405,2,6,BinanceCoin,BNB,29.30,403681631,4329237398,https://www.coingecko.com/en/coins/arpa-chain
406,2,7,Chainlink,LINK,10.29,758544641,3987627858,https://www.coingecko.com/en/coins/arpa-chain
407,2,8,Polkadot,DOT,3.99,165644880,3689441572,https://www.coingecko.com/en/coins/arpa-chain
408,2,9,Cardano,ADA,0.104325,365914451,3237752278,https://www.coingecko.com/en/coins/arpa-chain
409,2,10,Litecoin,LTC,48.68,1457175858,3185126176,https://www.coingecko.com/en/coins/arpa-chain
410,2,11,BitcoinSV,BSV,159.89,617512612,2961780680,https://www.coingecko.com/en/coins/arpa-chain
411,2,12,USDCoin,USDC,1.00,516947866,2751953122,https://www.coingecko.com/en/coins/arpa-chain
412,2,13,EOS,EOS,2.56,1112080135,2421535490,https://www.coingecko.com/en/coins/arpa-chain
413,2,14,CryptocomCoin,CRO,0.106638,62085060,2226656380,https://www.coingecko.com/en/coins/arpa-chain
414,2,15,Monero,XMR,120.31,331531106,2126755699,https://www.coingecko.com/en/coins/arpa-chain
415,2,16,TRON,TRX,0.02617205,952280776,1882195486,https://www.coingecko.com/en/coins/arpa-chain
416,2,17,Stellar,XLM,0.08302108,184493700,1729315582,https://www.coingecko.com/en/coins/arpa-chain
417,2,18,Tezos,XTZ,2.10,105694755,1528714565,https://www.coingecko.com/en/coins/arpa-chain
418,2,19,OKB,OKB,5.18,65938580,1426680940,https://www.coingecko.com/en/coins/arpa-chain
419,2,20,WrappedBitcoin,WBTC,12202.92,106717422,1301810059,https://www.coingecko.com/en/coins/arpa-chain
420,2,21,cDAI,CDAI,0.02084846,6393792,1251602293,https://www.coingecko.com/en/coins/arpa-chain
421,2,22,Cosmos,ATOM,5.23,165430895,1243310889,https://www.coingecko.com/en/coins/arpa-chain
422,2,23,NEO,NEO,17.40,325296903,1219098843,https://www.coingecko.com/en/coins/arpa-chain
423,2,24,LEOToken,LEO,1.22,5168231,1190664752,https://www.coingecko.com/en/coins/arpa-chain
424,2,25,HuobiToken,HT,4.46,74515405,1042195595,https://www.coingecko.com/en/coins/arpa-chain
425,2,26,NEM,XEM,0.108735,24094015,978482581,https://www.coingecko.com/en/coins/arpa-chain
426,2,27,Dai,DAI,1.01,99417592,919169499,https://www.coingecko.com/en/coins/arpa-chain
427,2,28,BinanceUSD,BUSD,0.998940,277301458,809197584,https://www.coingecko.com/en/coins/arpa-chain
428,2,29,IOTA,MIOTA,0.268919,6712145,746418221,https://www.coingecko.com/en/coins/arpa-chain
429,2,30,VeChain,VET,0.01097194,92070958,710061701,https://www.coingecko.com/en/coins/arpa-chain
430,2,31,Dash,DASH,72.73,337242391,708334956,https://www.coingecko.com/en/coins/arpa-chain
431,2,32,Zcash,ZEC,59.84,276107298,616719678,https://www.coingecko.com/en/coins/arpa-chain
432,2,33,ThetaNetwork,THETA,0.610759,39955139,607349476,https://www.coingecko.com/en/coins/arpa-chain
433,2,34,EthereumClassic,ETC,5.18,340570026,601188551,https://www.coingecko.com/en/coins/arpa-chain
434,2,35,Uniswap,UNI,2.93,300969472,591916617,https://www.coingecko.com/en/coins/arpa-chain
435,2,36,Filecoin,FIL,31.17,55554232,566355331,https://www.coingecko.com/en/coins/arpa-chain
436,2,37,Maker,MKR,558.08,29393401,506839380,https://www.coingecko.com/en/coins/arpa-chain
437,2,38,SynthetixNetworkToken,SNX,3.73,56589994,468676726,https://www.coingecko.com/en/coins/arpa-chain
438,2,39,OMGNetwork,OMG,3.26,151799325,453027134,https://www.coingecko.com/en/coins/arpa-chain
439,2,40,UMA,UMA,8.08,23772624,447910397,https://www.coingecko.com/en/coins/arpa-chain
440,2,41,CelsiusNetwork,CEL,1.12,4350286,403277505,https://www.coingecko.com/en/coins/arpa-chain
441,2,42,yearnfinance,YFI,13291.66,284061538,398416277,https://www.coingecko.com/en/coins/arpa-chain
442,2,43,Compound,COMP,96.49,31193323,373755672,https://www.coingecko.com/en/coins/arpa-chain
443,2,44,cETH,CETH,7.50,15551112,367744280,https://www.coingecko.com/en/coins/arpa-chain
444,2,45,Aave,AAVE,32.66,89800122,344533320,https://www.coingecko.com/en/coins/arpa-chain
445,2,46,FTXToken,FTT,3.63,3537736,336633245,https://www.coingecko.com/en/coins/arpa-chain
446,2,47,Ontology,ONT,0.528645,104971317,336521936,https://www.coingecko.com/en/coins/arpa-chain
447,2,48,TrueUSD,TUSD,0.999711,77516461,331524276,https://www.coingecko.com/en/coins/arpa-chain
448,2,49,Dogecoin,DOGE,0.00261663,50319131,331409878,https://www.coingecko.com/en/coins/arpa-chain
449,2,50,PaxosStandard,PAX,0.999117,125024661,324316998,https://www.coingecko.com/en/coins/arpa-chain
450,2,51,renBTC,RENBTC,12133.23,13483968,324172561,https://www.coingecko.com/en/coins/arpa-chain
451,2,52,BasicAttentionToken,BAT,0.213097,160696682,317305802,https://www.coingecko.com/en/coins/arpa-chain
452,2,53,DigiByte,DGB,0.02151594,9420489,294374428,https://www.coingecko.com/en/coins/arpa-chain
453,2,54,Waves,WAVES,2.91,44966102,289827955,https://www.coingecko.com/en/coins/arpa-chain
454,2,55,AaveLINK,ALINK,10.43,0,285751626,https://www.coingecko.com/en/coins/arpa-chain
455,2,56,0x,ZRX,0.370095,57968263,266547456,https://www.coingecko.com/en/coins/arpa-chain
456,2,57,REN,REN,0.291154,84727680,254498148,https://www.coingecko.com/en/coins/arpa-chain
457,2,58,Kusama,KSM,28.47,27070940,252423285,https://www.coingecko.com/en/coins/arpa-chain
458,2,59,Algorand,ALGO,0.293173,52785229,235260354,https://www.coingecko.com/en/coins/arpa-chain
459,2,60,Qtum,QTUM,2.19,154820615,224759198,https://www.coingecko.com/en/coins/arpa-chain
460,2,61,BitTorrent,BTT,0.00033436,72408956,222017793,https://www.coingecko.com/en/coins/arpa-chain
461,2,62,cUSDC,CUSDC,0.02113951,4119040,209384424,https://www.coingecko.com/en/coins/arpa-chain
462,2,63,ICON,ICX,0.364055,10323370,207531494,https://www.coingecko.com/en/coins/arpa-chain
463,2,64,Zilliqa,ZIL,0.01836095,25555595,207067961,https://www.coingecko.com/en/coins/arpa-chain
464,2,65,Loopring,LRC,0.161958,82565171,192485865,https://www.coingecko.com/en/coins/arpa-chain
465,2,66,NexusMutual,NXM,26.09,2920993,192259766,https://www.coingecko.com/en/coins/arpa-chain
466,2,67,EnergyWebToken,EWT,5.99,924380,185063867,https://www.coingecko.com/en/coins/arpa-chain
467,2,68,KyberNetwork,KNC,0.890787,21640730,176265634,https://www.coingecko.com/en/coins/arpa-chain
468,2,69,HederaHashgraph,HBAR,0.03091150,2415401,173773801,https://www.coingecko.com/en/coins/arpa-chain
469,2,70,HUSD,HUSD,0.995554,55904482,170575812,https://www.coingecko.com/en/coins/arpa-chain
470,2,71,AaveETH,AETH,370.43,0,161920533,https://www.coingecko.com/en/coins/arpa-chain
471,2,72,Lisk,LSK,1.09,2784990,155105225,https://www.coingecko.com/en/coins/arpa-chain
472,2,73,Decred,DCR,12.27,7588341,148421030,https://www.coingecko.com/en/coins/arpa-chain
473,2,74,Blockstack,STX,0.167767,710382,147900811,https://www.coingecko.com/en/coins/arpa-chain
474,2,75,Terra,LUNA,0.311289,3608161,140448049,https://www.coingecko.com/en/coins/arpa-chain
475,2,76,Numeraire,NMR,26.81,5723711,139733840,https://www.coingecko.com/en/coins/arpa-chain
476,2,77,Quant,QNT,11.53,3254076,138218080,https://www.coingecko.com/en/coins/arpa-chain
477,2,78,AaveTUSD,ATUSD,1.00,0,137316978,https://www.coingecko.com/en/coins/arpa-chain
478,2,79,BitcoinGold,BTG,7.54,5968408,132452000,https://www.coingecko.com/en/coins/arpa-chain
479,2,80,EnjinCoin,ENJ,0.143228,7766969,131883618,https://www.coingecko.com/en/coins/arpa-chain
480,2,81,BandProtocol,BAND,5.70,83075367,128866316,https://www.coingecko.com/en/coins/arpa-chain
481,2,82,OceanProtocol,OCEAN,0.341908,11357220,119305908,https://www.coingecko.com/en/coins/arpa-chain
482,2,83,Nano,NANO,0.897697,13603661,118577365,https://www.coingecko.com/en/coins/arpa-chain
483,2,84,Siacoin,SC,0.00259226,5386028,116764530,https://www.coingecko.com/en/coins/arpa-chain
484,2,85,Arweave,AR,2.70,6021419,116237318,https://www.coingecko.com/en/coins/arpa-chain
485,2,86,Elrond,EGLD,7.24,6044454,105878011,https://www.coingecko.com/en/coins/arpa-chain
486,2,87,yUSD,YVAULTLPYCURVE,1.17,644329,102702641,https://www.coingecko.com/en/coins/arpa-chain
487,2,88,Balancer,BAL,12.35,27590435,101592589,https://www.coingecko.com/en/coins/arpa-chain
488,2,89,Thorchain,RUNE,0.478650,6983380,100428051,https://www.coingecko.com/en/coins/arpa-chain
489,2,90,Bytom,BTM,0.06146190,23834670,99994691,https://www.coingecko.com/en/coins/arpa-chain
490,2,91,Aragon,ANT,2.87,19897282,99801627,https://www.coingecko.com/en/coins/arpa-chain
491,2,92,BitcoinDiamond,BCD,0.506024,1898426,95535541,https://www.coingecko.com/en/coins/arpa-chain
492,2,93,Decentraland,MANA,0.07194555,22898528,95190178,https://www.coingecko.com/en/coins/arpa-chain
493,2,94,DxChainToken,DX,0.00179928,180472,94790225,https://www.coingecko.com/en/coins/arpa-chain
494,2,95,Avalanche,AVAX,3.86,6621807,94714145,https://www.coingecko.com/en/coins/arpa-chain
495,2,96,GateToken,GT,0.506408,29528978,94084706,https://www.coingecko.com/en/coins/arpa-chain
496,2,97,NestProtocol,NEST,0.05299874,23772620,92405146,https://www.coingecko.com/en/coins/arpa-chain
497,2,98,TetherGold,XAUT,1909.03,104639,92361892,https://www.coingecko.com/en/coins/arpa-chain
498,2,99,MonaCoin,MONA,1.27,1176014,92240302,https://www.coingecko.com/en/coins/arpa-chain
499,2,100,Ravencoin,RVN,0.01266170,7401929,92178785,https://www.coingecko.com/en/coins/arpa-chain
500,1,301,Ignis,IGNIS,0.02108819,1859484,16049625,https://www.coingecko.com/en/coins/ignis
501,1,302,STPNetwork,STPT,0.01727602,1032514,15831658,https://www.coingecko.com/en/coins/stp-network
502,1,304,LTONetwork,LTO,0.06469045,2058140,15737419,https://www.coingecko.com/en/coins/lto-network
503,1,303,BTSEToken,BTSE,2.21,957876,15608155,https://www.coingecko.com/en/coins/btse-token
504,1,305,YFValue,YFV,4.21,16116819,15514005,https://www.coingecko.com/en/coins/yfvalue
505,1,307,MetaverseETP,ETP,0.191251,357412,15154116,https://www.coingecko.com/en/coins/metaverse-etp
506,1,306,dForceToken,DF,0.122602,1889259,15148531,https://www.coingecko.com/en/coins/dforce-token
507,1,308,Medibloc,MED,0.00508440,110865,15082274,https://www.coingecko.com/en/coins/medibloc
508,1,310,Grin,GRIN,0.270942,6172662,14996341,https://www.coingecko.com/en/coins/grin
509,1,309,Ergo,ERG,0.579396,172113,14913099,https://www.coingecko.com/en/coins/ergo
510,1,312,GeminiDollar,GUSD,0.996924,622401,14645369,https://www.coingecko.com/en/coins/gemini-dollar
511,1,311,DarwiniaNetworkNativeToken,RING,0.03235956,1795431,14627614,https://www.coingecko.com/en/coins/darwinia-network-native-token
512,1,313,Nebulas,NAS,0.321441,1985784,14602244,https://www.coingecko.com/en/coins/nebulas
513,1,316,Dragonchain,DRGN,0.05384361,53880,14372255,https://www.coingecko.com/en/coins/dragonchain
514,1,314,Carry,CRE,0.00166072,324490,14367687,https://www.coingecko.com/en/coins/carry
515,1,315,Nimiq,NIM,0.00210954,871071,14258467,https://www.coingecko.com/en/coins/nimiq
516,1,317,Trustswap,SWAP,0.217523,1408820,14067513,https://www.coingecko.com/en/coins/trustswap
517,1,319,Apollo,APL,0.00095347,544252,13979966,https://www.coingecko.com/en/coins/apollo
518,1,320,Cream,CREAM,29.68,937696,13812302,https://www.coingecko.com/en/coins/cream
519,1,321,DeFiPulseIndex,DPI,79.34,1197619,13757402,https://www.coingecko.com/en/coins/defipulse-index
520,1,318,Zap,ZAP,0.05647710,670678,13703685,https://www.coingecko.com/en/coins/zap
521,1,323,Chromia,CHR,0.03022681,1657842,13584712,https://www.coingecko.com/en/coins/chromia
522,1,322,Vertcoin,VTC,0.238186,73623,13574635,https://www.coingecko.com/en/coins/vertcoin
523,1,325,NashExchange,NEX,0.966064,26368,13469858,https://www.coingecko.com/en/coins/nash-exchange
524,1,324,BitZToken,BZ,0.103615,6375186,13262480,https://www.coingecko.com/en/coins/bit-z-token
525,1,326,QASH,QASH,0.03715615,982300,13006721,https://www.coingecko.com/en/coins/qash
526,1,327,SALT,SALT,0.148204,28872,12991286,https://www.coingecko.com/en/coins/salt
527,1,328,Groestlcoin,GRS,0.169790,599671,12920204,https://www.coingecko.com/en/coins/groestlcoin
528,1,329,PirateChain,ARRR,0.07545667,38525,12856792,https://www.coingecko.com/en/coins/pirate-chain
529,1,330,Zenon,ZNN,2.34,72959,12674222,https://www.coingecko.com/en/coins/zenon
530,1,332,Insolar,XNS,0.08951741,377086,12514929,https://www.coingecko.com/en/coins/insolar
531,1,331,BitKan,KAN,0.00229362,553521,12502611,https://www.coingecko.com/en/coins/bitkan
532,1,333,SafeHaven,SHA,0.00261348,632588,12283353,https://www.coingecko.com/en/coins/safe-haven
533,1,334,B2BX,B2B,0.748924,0,12194638,https://www.coingecko.com/en/coins/b2bx
534,1,335,Venus,XVS,3.29,7222909,12158553,https://www.coingecko.com/en/coins/venus
535,1,341,PlatonCoin,PLTC,0.342237,283013,12144577,https://www.coingecko.com/en/coins/platoncoin
536,1,337,RaidenNetworkToken,RDN,0.179554,1021324,12039234,https://www.coingecko.com/en/coins/raiden-network
537,1,336,pNetwork,PNT,0.409110,1994300,12033769,https://www.coingecko.com/en/coins/pnetwork
538,1,338,NKN,NKN,0.01830066,1389982,11895022,https://www.coingecko.com/en/coins/nkn
539,1,340,cBAT,CBAT,0.00437064,6099.35,11803873,https://www.coingecko.com/en/coins/compound-basic-attention-token
540,1,339,DUSKNetwork,DUSK,0.04030894,198224,11791251,https://www.coingecko.com/en/coins/dusk-network
541,1,342,Aergo,AERGO,0.04444739,590154,11733813,https://www.coingecko.com/en/coins/aergo
542,1,343,Aavegotchi,GHST,0.618666,9187567,11682846,https://www.coingecko.com/en/coins/aavegotchi
543,1,345,FirstBlood,1ST,0.143167,387.72,11663632,https://www.coingecko.com/en/coins/first-blood
544,1,344,AaveUSDT,AUSDT,0.998512,1006078,11590055,https://www.coingecko.com/en/coins/aave-usdt
545,1,346,LibraToken,LBA,0.01692796,1118462,11425543,https://www.coingecko.com/en/coins/libratoken
546,1,347,SUKU,SUKU,0.134214,1933.20,11419347,https://www.coingecko.com/en/coins/suku
547,1,348,AlchemyPay,ACH,0.01199262,7588803,11417995,https://www.coingecko.com/en/coins/alchemy-pay
548,1,350,Meta,MTA,1.32,6465995,11389738,https://www.coingecko.com/en/coins/meta
549,1,349,MANTRADAO,OM,0.104188,7667510,11376758,https://www.coingecko.com/en/coins/mantra-dao
550,1,351,Nexus,NXS,0.188960,41669,11282386,https://www.coingecko.com/en/coins/nexus
551,1,352,FIOProtocol,FIO,0.102638,865185,11270702,https://www.coingecko.com/en/coins/fio-protocol
552,1,355,Kadena,KDA,0.239605,741260,11255996,https://www.coingecko.com/en/coins/kadena
553,1,353,Monolith,TKN,0.325022,276134,11224729,https://www.coingecko.com/en/coins/monolith
554,1,354,LBRYCredits,LBC,0.02332547,1886671,11056053,https://www.coingecko.com/en/coins/lbry-credits
555,1,356,0chain,ZCN,0.227123,94603,10975039,https://www.coingecko.com/en/coins/0chain
556,1,357,BounceToken,BOT,412.52,1806954,10896818,https://www.coingecko.com/en/coins/bounce-token
557,1,358,BasedMoney,BASED,0.615737,73954,10782046,https://www.coingecko.com/en/coins/based-money
558,1,359,DigixDAO,DGD,73.00,64820,10752030,https://www.coingecko.com/en/coins/digixdao
559,1,361,COCOSBCX,COCOS,0.00027109,696508,10661745,https://www.coingecko.com/en/coins/cocos-bcx
560,1,360,FOAM,FOAM,0.03056388,20034,10659597,https://www.coingecko.com/en/coins/foam
561,1,362,Waltonchain,WTC,0.355742,3037867,10390409,https://www.coingecko.com/en/coins/waltonchain
562,1,363,QuantumResistantLedger,QRL,0.143357,3574.35,10375941,https://www.coingecko.com/en/coins/quantum-resistant-ledger
563,1,364,Wings,WINGS,0.113205,8235.59,10343000,https://www.coingecko.com/en/coins/wings
564,1,365,Factom,FCT,1.09,42776,10170651,https://www.coingecko.com/en/coins/factom
565,1,366,EmptySetDollar,ESD,1.21,253775,10160016,https://www.coingecko.com/en/coins/empty-set-dollar
566,1,367,Einsteinium,EMC2,0.04533737,23054,10004442,https://www.coingecko.com/en/coins/einsteinium
567,1,368,sETH,SETH,384.54,366738,9958701,https://www.coingecko.com/en/coins/seth
568,1,369,Skycoin,SKY,0.521829,354163,9913339,https://www.coingecko.com/en/coins/skycoin
569,1,370,AaveSNX,ASNX,3.70,44157,9881227,https://www.coingecko.com/en/coins/aave-snx
570,1,371,ProximaX,XPX,0.00151320,214194,9812194,https://www.coingecko.com/en/coins/proximax
571,1,373,Vite,VITE,0.01801414,513615,9758350,https://www.coingecko.com/en/coins/vite
572,1,372,INSTAR,INSTAR,0.04624795,0,9750719,https://www.coingecko.com/en/coins/instar
573,1,374,TEFOOD,TFD,0.01710696,4769.99,9715348,https://www.coingecko.com/en/coins/te-food
574,1,375,PowerPoolConcentratedVotingPower,CVP,1.68,5416896,9676446,https://www.coingecko.com/en/coins/powerpool-concentrated-voting-power
575,1,376,DMMGovernance,DMG,0.250701,2114933,9639557,https://www.coingecko.com/en/coins/dmm-governance
576,1,377,NXT,NXT,0.00959001,1587133,9582109,https://www.coingecko.com/en/coins/nxt
577,1,378,Sai,SAI,1.97,0,9227791,https://www.coingecko.com/en/coins/sai
578,1,379,Telcoin,TEL,0.00018592,30278,9193843,https://www.coingecko.com/en/coins/telcoin
579,1,380,Refereum,RFR,0.00187049,3266516,9123491,https://www.coingecko.com/en/coins/refereum
580,1,383,Unitrade,TRADE,0.323418,1297800,9070860,https://www.coingecko.com/en/coins/unitrade
581,1,381,NavCoin,NAV,0.128887,108191,9014954,https://www.coingecko.com/en/coins/navcoin
582,1,385,WingFinance,WING,16.30,5122896,8950475,https://www.coingecko.com/en/coins/wing-finance
583,1,384,CoinMetro,XCM,0.04261855,10155.63,8943491,https://www.coingecko.com/en/coins/coinmetro
584,1,382,RioDeFi,RFUEL,0.08006870,11312214,8938285,https://www.coingecko.com/en/coins/rio-defi
585,1,389,PACGlobal,PAC,0.00071568,1618.54,8916651,https://www.coingecko.com/en/coins/pac-global
586,1,387,PARSIQ,PRQ,0.08530976,247291,8837295,https://www.coingecko.com/en/coins/parsiq
587,1,386,LCX,LCX,0.01618221,2180794,8832761,https://www.coingecko.com/en/coins/lcx
588,1,388,IQeon,IQN,1.72,269327,8735570,https://www.coingecko.com/en/coins/iqeon
589,1,390,SantimentNetworkToken,SAN,0.135546,6695.45,8666785,https://www.coingecko.com/en/coins/santiment-network-token
590,1,391,Wagerr,WGR,0.03998529,1791.90,8666486,https://www.coingecko.com/en/coins/wagerr
591,1,392,AaveMKR,AMKR,569.40,344738,8629468,https://www.coingecko.com/en/coins/aave-mkr
592,1,393,NucoCloud,NCDT,1.31,77719,8525803,https://www.coingecko.com/en/coins/nuco-cloud
593,1,394,Metronome,MET,0.763887,437836,8506378,https://www.coingecko.com/en/coins/metronome
594,1,395,Quark,QRK,0.03141655,1236.96,8384536,https://www.coingecko.com/en/coins/quark
595,1,396,SAFE2,SAFE2,156.42,1309987,8331874,https://www.coingecko.com/en/coins/safe2
596,1,419,Dune,DUN,0.01690604,410.25,8247169,https://www.coingecko.com/en/coins/dune
597,1,400,MetaHash,MHC,0.00355134,1543492,8027055,https://www.coingecko.com/en/coins/metahash
598,1,399,Syndicate,SYNX,0.193162,0,7990472,https://www.coingecko.com/en/coins/syndicate
599,1,397,Lition,LIT,0.134384,227336,7985693,https://www.coingecko.com/en/coins/lition
600,2,201,USDK,USDK,1.00,11993370,32460472,https://www.coingecko.com/en/coins/lition
601,2,202,OriginTrail,TRAC,0.111559,120825,32342820,https://www.coingecko.com/en/coins/lition
602,2,203,SERO,SERO,0.109738,3548323,32213000,https://www.coingecko.com/en/coins/lition
603,2,204,Wanchain,WAN,0.254903,872594,31981015,https://www.coingecko.com/en/coins/lition
604,2,205,IDEX,IDEX,0.05865551,410028,31698446,https://www.coingecko.com/en/coins/lition
605,2,206,Hyperion,HYN,0.151051,296668,31255610,https://www.coingecko.com/en/coins/lition
606,2,207,VoyagerToken,VGX,0.140638,1456320,31211957,https://www.coingecko.com/en/coins/lition
607,2,208,StreamrDATAcoin,DATA,0.04427616,3899444,31002884,https://www.coingecko.com/en/coins/lition
608,2,209,sBTC,SBTC,12185.35,1560610,29971139,https://www.coingecko.com/en/coins/lition
609,2,210,DIA,DIA,1.17,9558306,29812717,https://www.coingecko.com/en/coins/lition
610,2,211,Tellor,TRB,19.36,30226731,29107933,https://www.coingecko.com/en/coins/lition
611,2,212,GXChain,GXC,0.412895,10383355,28874281,https://www.coingecko.com/en/coins/lition
612,2,213,Reddcoin,RDD,0.00096558,60081,28730432,https://www.coingecko.com/en/coins/lition
613,2,214,ThunderCore,TT,0.00449434,2822639,28680399,https://www.coingecko.com/en/coins/lition
614,2,215,IOCoin,IOC,1.55,37314,28672545,https://www.coingecko.com/en/coins/lition
615,2,216,Hashgard,GARD,0.00022665,148643,28394466,https://www.coingecko.com/en/coins/lition
616,2,217,AaveDAI,ADAI,1.03,2327.22,28349456,https://www.coingecko.com/en/coins/lition
617,2,218,QuarkChain,QKC,0.00478395,1028985,28086108,https://www.coingecko.com/en/coins/lition
618,2,219,Kleros,PNK,0.05353300,1398273,28064532,https://www.coingecko.com/en/coins/lition
619,2,220,WHALE,WHALE,6.67,190814,27938532,https://www.coingecko.com/en/coins/lition
620,2,221,KardiaChain,KAI,0.01594342,1392135,27923704,https://www.coingecko.com/en/coins/lition
621,2,222,BOSAGORA,BOA,0.09637160,3330253,27737453,https://www.coingecko.com/en/coins/lition
622,2,223,Ultiledger,ULT,0.01418857,205838,27135034,https://www.coingecko.com/en/coins/lition
623,2,224,ZBGToken,ZT,0.05371284,2004939,26736473,https://www.coingecko.com/en/coins/lition
624,2,225,CRDT,CRDT,0.142828,209595,26513756,https://www.coingecko.com/en/coins/lition
625,2,226,PhalaNetwork,PHA,0.191660,17718940,26252679,https://www.coingecko.com/en/coins/lition
626,2,227,WOMProtocol,WOM,0.254237,3567251,25403225,https://www.coingecko.com/en/coins/lition
627,2,228,PIVX,PIVX,0.365207,146597,25351775,https://www.coingecko.com/en/coins/lition
628,2,229,MXToken,MX,0.162980,3213338,25334936,https://www.coingecko.com/en/coins/lition
629,2,230,DigitexFuturesExchange,DGTX,0.02986710,2307519,25218496,https://www.coingecko.com/en/coins/lition
630,2,231,WINk,WIN,0.00008013,4452351,25171160,https://www.coingecko.com/en/coins/lition
631,2,232,Secret,SCRT,0.451916,188751,24980350,https://www.coingecko.com/en/coins/lition
632,2,233,ForceProtocol,FOR,0.02808020,1210297,24876184,https://www.coingecko.com/en/coins/lition
633,2,234,Beowulf,BWF,0.02471649,20666,24679628,https://www.coingecko.com/en/coins/lition
634,2,235,Syscoin,SYS,0.04117597,583040,24569137,https://www.coingecko.com/en/coins/lition
635,2,236,Akropolis,AKRO,0.01222194,7846069,24177960,https://www.coingecko.com/en/coins/lition
636,2,237,Aurora,AOA,0.00554979,3802021,24113064,https://www.coingecko.com/en/coins/lition
637,2,238,NectarToken,NEC,0.151092,548631,23866726,https://www.coingecko.com/en/coins/lition
638,2,239,SWAGFinance,SWAG,0.227160,28373,23848894,https://www.coingecko.com/en/coins/lition
639,2,240,SAND,SAND,0.03841758,5750706,23217558,https://www.coingecko.com/en/coins/lition
640,2,241,EterbaseUtilityToken,XBASE,0.02312966,0,23129657,https://www.coingecko.com/en/coins/lition
641,2,242,YuanChainCoin,YCC,0.00701278,139347,23071513,https://www.coingecko.com/en/coins/lition
642,2,243,Nuls,NULS,0.236119,8295153,23062325,https://www.coingecko.com/en/coins/lition
643,2,244,LokiNetwork,LOKI,0.443248,53687,22618650,https://www.coingecko.com/en/coins/lition
644,2,245,WazirX,WRX,0.09342819,16125194,22366128,https://www.coingecko.com/en/coins/lition
645,2,246,Bytecoin,BCN,0.00012020,17100.48,22103150,https://www.coingecko.com/en/coins/lition
646,2,247,AdEx,ADX,0.215389,837317,22007123,https://www.coingecko.com/en/coins/lition
647,2,248,Wirex,WXT,0.00937438,904214,21540943,https://www.coingecko.com/en/coins/lition
648,2,249,OriginProtocol,OGN,0.162479,7424646,20969800,https://www.coingecko.com/en/coins/lition
649,2,250,AirSwap,AST,0.120548,14841593,20925148,https://www.coingecko.com/en/coins/lition
650,2,251,CRYPTO20,C20,0.629753,6203.35,20924408,https://www.coingecko.com/en/coins/lition
651,2,252,PancakeSwap,CAKE,0.630254,6038785,20859755,https://www.coingecko.com/en/coins/lition
652,2,253,Strong,STRONG,42.25,141647,20832279,https://www.coingecko.com/en/coins/lition
653,2,254,NOIANetwork,NOIA,0.06412722,307584,20727885,https://www.coingecko.com/en/coins/lition
654,2,255,Haven,XHV,1.50,308059,20516716,https://www.coingecko.com/en/coins/lition
655,2,256,RipioCreditNetwork,RCN,0.03972839,173691,20407677,https://www.coingecko.com/en/coins/lition
656,2,257,Gas,GAS,1.45,1610461,20166719,https://www.coingecko.com/en/coins/lition
657,2,258,Metal,MTL,0.308242,2564867,19951237,https://www.coingecko.com/en/coins/lition
658,2,259,Travalacom,AVA,0.513981,646975,19874209,https://www.coingecko.com/en/coins/lition
659,2,260,Crypterium,CRPT,0.232929,58857,19747232,https://www.coingecko.com/en/coins/lition
660,2,261,Sora,XOR,56.34,1035124,19745458,https://www.coingecko.com/en/coins/lition
661,2,262,Obyte,GBYTE,25.91,12372.06,19604561,https://www.coingecko.com/en/coins/lition
662,2,263,Prometeus,PROM,2.87,559587,19602089,https://www.coingecko.com/en/coins/lition
663,2,264,DifyFinance,YFIII,1221.17,1452924,19518961,https://www.coingecko.com/en/coins/lition
664,2,265,NewscryptoCoin,NWC,0.193062,637971,19507773,https://www.coingecko.com/en/coins/lition
665,2,266,Contentos,COS,0.00646449,1189137,19474432,https://www.coingecko.com/en/coins/lition
666,2,267,Bluzelle,BLZ,0.07911368,5359305,19416934,https://www.coingecko.com/en/coins/lition
667,2,268,Melon,MLN,17.29,1938985,19413843,https://www.coingecko.com/en/coins/lition
668,2,269,ChainX,PCX,2.68,1888860,19397320,https://www.coingecko.com/en/coins/lition
669,2,270,DaricoEcosystemCoin,DEC2,0.306617,0,19318823,https://www.coingecko.com/en/coins/lition
670,2,271,Quantstamp,QSP,0.02584185,230687,18441150,https://www.coingecko.com/en/coins/lition
671,2,272,Dent,DENT,0.00021739,318696,18101214,https://www.coingecko.com/en/coins/lition
672,2,273,FunFair,FUN,0.00300285,418762,18023603,https://www.coingecko.com/en/coins/lition
673,2,274,Cindicator,CND,0.00924637,51527,17838703,https://www.coingecko.com/en/coins/lition
674,2,275,FUSION,FSN,0.283449,3680024,17835407,https://www.coingecko.com/en/coins/lition
675,2,276,OrionProtocol,ORN,1.41,3425588,17709223,https://www.coingecko.com/en/coins/lition
676,2,277,PerpetualProtocol,PERP,1.16,820019,17677767,https://www.coingecko.com/en/coins/lition
677,2,278,VeThorToken,VTHO,0.00061141,3448508,17591405,https://www.coingecko.com/en/coins/lition
678,2,279,VerusCoin,VRSC,0.306853,14827.60,17560479,https://www.coingecko.com/en/coins/lition
679,2,280,Civic,CVC,0.02614568,1106151,17517841,https://www.coingecko.com/en/coins/lition
680,2,281,Mainframe,MFT,0.00185818,5914941,17406699,https://www.coingecko.com/en/coins/lition
681,2,282,PickleFinance,PICKLE,18.66,4174529,17340354,https://www.coingecko.com/en/coins/lition
682,2,283,Hegic,HEGIC,0.08273597,744008,17255026,https://www.coingecko.com/en/coins/lition
683,2,284,BEAM,BEAM,0.235185,6460853,17204714,https://www.coingecko.com/en/coins/lition
684,2,285,Switcheo,SWTH,0.02450792,220567,17092564,https://www.coingecko.com/en/coins/lition
685,2,286,EtheriscDIPToken,DIP,0.09951569,363594,16723468,https://www.coingecko.com/en/coins/lition
686,2,287,AXEL,AXEL,0.180886,327233,16625661,https://www.coingecko.com/en/coins/lition
687,2,288,VIDTDatalink,VIDT,0.358424,1236153,16569454,https://www.coingecko.com/en/coins/lition
688,2,289,Orbs,ORBS,0.01394504,364238,16563400,https://www.coingecko.com/en/coins/lition
689,2,290,COTI,COTI,0.02915754,2880574,16540015,https://www.coingecko.com/en/coins/lition
690,2,291,RedFOXLabs,RFOX,0.204375,0,16517842,https://www.coingecko.com/en/coins/lition
691,2,292,Stakenet,XSN,0.151340,542597,16297116,https://www.coingecko.com/en/coins/lition
692,2,293,BTSEToken,BTSE,2.29,563490,16262522,https://www.coingecko.com/en/coins/lition
693,2,294,CelerNetwork,CELR,0.00411834,2768910,16227668,https://www.coingecko.com/en/coins/lition
694,2,295,StormX,STMX,0.00203207,324295,16218649,https://www.coingecko.com/en/coins/lition
695,2,296,LoomNetwork,LOOM,0.01944980,4433255,16162676,https://www.coingecko.com/en/coins/lition
696,2,297,Ignis,IGNIS,0.02109688,1685633,16066518,https://www.coingecko.com/en/coins/lition
697,2,298,bZxProtocol,BZRX,0.114695,3665294,15990088,https://www.coingecko.com/en/coins/lition
698,2,299,YFLink,YFL,339.63,1521499,15988954,https://www.coingecko.com/en/coins/lition
699,2,300,Request,REQ,0.02044440,198612,15787951,https://www.coingecko.com/en/coins/lition
700,1,1,Bitcoin,BTC,11746.93,18024516918,217565139440,https://www.coingecko.com/en/coins/bitcoin
701,1,2,Ethereum,ETH,379.45,7288288326,42916505020,https://www.coingecko.com/en/coins/ethereum
702,1,3,Tether,USDT,1.00,23322610178,15868684383,https://www.coingecko.com/en/coins/tether
703,1,4,XRP,XRP,0.247377,1057871532,11146580292,https://www.coingecko.com/en/coins/xrp
704,1,5,BitcoinCash,BCH,249.44,1894208528,4627688363,https://www.coingecko.com/en/coins/bitcoin-cash
705,1,6,BinanceCoin,BNB,30.01,270304974,4438615509,https://www.coingecko.com/en/coins/binance-coin
706,1,7,Chainlink,LINK,10.92,467964378,4240675245,https://www.coingecko.com/en/coins/chainlink
707,1,8,Polkadot,DOT,3.98,93153840,3680681915,https://www.coingecko.com/en/coins/polkadot
708,1,9,Cardano,ADA,0.108376,304815922,3371346712,https://www.coingecko.com/en/coins/cardano
709,1,10,Litecoin,LTC,48.14,1619834729,3164434434,https://www.coingecko.com/en/coins/litecoin
710,1,11,BitcoinSV,BSV,159.78,521676362,2964353520,https://www.coingecko.com/en/coins/bitcoin-sv
711,1,12,USDCoin,USDC,1.00,422068210,2746026578,https://www.coingecko.com/en/coins/usd-coin
712,1,13,EOS,EOS,2.58,1201244231,2439574298,https://www.coingecko.com/en/coins/eos
713,1,14,CryptocomCoin,CRO,0.109543,76193903,2277350894,https://www.coingecko.com/en/coins/crypto-com-coin
714,1,15,Monero,XMR,126.37,225579326,2239930105,https://www.coingecko.com/en/coins/monero
715,1,16,TRON,TRX,0.02577480,590209222,1847128713,https://www.coingecko.com/en/coins/tron
716,1,17,Stellar,XLM,0.08620828,261472456,1795045594,https://www.coingecko.com/en/coins/stellar
717,1,18,Tezos,XTZ,2.19,74750885,1592151036,https://www.coingecko.com/en/coins/tezos
718,1,19,Cosmos,ATOM,5.49,178383643,1309854023,https://www.coingecko.com/en/coins/cosmos
719,1,20,OKB,OKB,4.59,46299851,1266708039,https://www.coingecko.com/en/coins/okb
720,1,21,WrappedBitcoin,WBTC,11743.71,51584305,1247733724,https://www.coingecko.com/en/coins/wrapped-bitcoin
721,1,22,cDAI,CDAI,0.02091044,18722532,1246469901,https://www.coingecko.com/en/coins/compound-dai
722,1,23,NEO,NEO,17.60,289452959,1239767682,https://www.coingecko.com/en/coins/neo
723,1,24,LEOToken,LEO,1.22,10197058,1180237669,https://www.coingecko.com/en/coins/leo-token
724,1,25,HuobiToken,HT,4.40,58674559,1026019826,https://www.coingecko.com/en/coins/huobi-token
725,1,26,NEM,XEM,0.112209,21350825,1010165020,https://www.coingecko.com/en/coins/nem
726,1,27,Dai,DAI,1.01,83922332,910706256,https://www.coingecko.com/en/coins/dai
727,1,28,BinanceUSD,BUSD,1.00,194030455,815146024,https://www.coingecko.com/en/coins/binance-usd
728,1,29,IOTA,MIOTA,0.274106,6222699,761219950,https://www.coingecko.com/en/coins/iota
729,1,30,Dash,DASH,74.96,495068992,732379173,https://www.coingecko.com/en/coins/dash
730,1,31,VeChain,VET,0.01128701,88961067,731921878,https://www.coingecko.com/en/coins/vechain
731,1,32,Zcash,ZEC,64.50,319827787,664607222,https://www.coingecko.com/en/coins/zcash
732,1,33,ThetaNetwork,THETA,0.636124,20309982,635929346,https://www.coingecko.com/en/coins/theta-network
733,1,34,Uniswap,UNI,3.15,174215601,635863372,https://www.coingecko.com/en/coins/uniswap
734,1,35,EthereumClassic,ETC,5.24,400341821,610433096,https://www.coingecko.com/en/coins/ethereum-classic
735,1,36,Filecoin,FIL,33.21,105711825,581771150,https://www.coingecko.com/en/coins/filecoin
736,1,37,Maker,MKR,568.38,20430980,517583393,https://www.coingecko.com/en/coins/maker
737,1,38,OMGNetwork,OMG,3.35,133878544,469544848,https://www.coingecko.com/en/coins/omg-network
738,1,39,SynthetixNetworkToken,SNX,3.70,28853776,463622386,https://www.coingecko.com/en/coins/synthetix-network-token
739,1,40,UMA,UMA,8.30,18752178,458845379,https://www.coingecko.com/en/coins/uma
740,1,41,CelsiusNetwork,CEL,1.21,2619005,435622803,https://www.coingecko.com/en/coins/celsius-network-token
741,1,42,yearnfinance,YFI,13856.49,227827309,415852637,https://www.coingecko.com/en/coins/yearn-finance
742,1,43,Compound,COMP,100.53,26336106,389188216,https://www.coingecko.com/en/coins/compound
743,1,44,Ontology,ONT,0.564314,97707804,359606551,https://www.coingecko.com/en/coins/ontology
744,1,45,cETH,CETH,7.59,8399867,356753426,https://www.coingecko.com/en/coins/compound-ether
745,1,46,Aave,AAVE,35.17,74383722,339942120,https://www.coingecko.com/en/coins/aave
746,1,47,FTXToken,FTT,3.62,2228225,336121308,https://www.coingecko.com/en/coins/ftx-token
747,1,48,TrueUSD,TUSD,1.00,73200002,331616056,https://www.coingecko.com/en/coins/true-usd
748,1,49,Dogecoin,DOGE,0.00259275,87697369,328636385,https://www.coingecko.com/en/coins/dogecoin
749,1,50,BasicAttentionToken,BAT,0.213628,205061923,317117985,https://www.coingecko.com/en/coins/basic-attention-token
750,1,51,DigiByte,DGB,0.02296709,6940043,313896039,https://www.coingecko.com/en/coins/digibyte
751,1,52,PaxosStandard,PAX,1.00,127012134,310236688,https://www.coingecko.com/en/coins/paxos-standard
752,1,53,renBTC,RENBTC,11712.51,5426230,307151379,https://www.coingecko.com/en/coins/renbtc
753,1,54,AaveLINK,ALINK,10.84,5455388,294721854,https://www.coingecko.com/en/coins/aave-link
754,1,55,REN,REN,0.331836,61865778,293065775,https://www.coingecko.com/en/coins/ren
755,1,56,Waves,WAVES,2.89,45449677,288652023,https://www.coingecko.com/en/coins/waves
756,1,57,0x,ZRX,0.384646,38818448,276993162,https://www.coingecko.com/en/coins/0x
757,1,58,Kusama,KSM,29.31,20836459,263821831,https://www.coingecko.com/en/coins/kusama
758,1,59,Algorand,ALGO,0.303433,103974173,243640147,https://www.coingecko.com/en/coins/algorand
759,1,60,Qtum,QTUM,2.21,116523933,227006563,https://www.coingecko.com/en/coins/qtum
760,1,61,NexusMutual,NXM,29.93,724145,224155256,https://www.coingecko.com/en/coins/nexus-mutual
761,1,62,BitTorrent,BTT,0.00033808,83452928,222827885,https://www.coingecko.com/en/coins/bittorrent
762,1,63,Zilliqa,ZIL,0.01960144,54513838,221067100,https://www.coingecko.com/en/coins/zilliqa
763,1,64,ICON,ICX,0.377461,8443382,215245546,https://www.coingecko.com/en/coins/icon
764,1,65,Loopring,LRC,0.171673,72525883,204074447,https://www.coingecko.com/en/coins/loopring
765,1,66,cUSDC,CUSDC,0.02121910,3538300,203944571,https://www.coingecko.com/en/coins/compound-usd-coin
766,1,67,EnergyWebToken,EWT,6.47,622755,198577207,https://www.coingecko.com/en/coins/energy-web-token
767,1,68,KyberNetwork,KNC,0.903756,19900081,178934670,https://www.coingecko.com/en/coins/kyber-network
768,1,69,HederaHashgraph,HBAR,0.03175145,1526601,178771108,https://www.coingecko.com/en/coins/hedera-hashgraph
769,1,70,AaveETH,AETH,378.77,5129667,176983961,https://www.coingecko.com/en/coins/aave-eth
770,1,71,Lisk,LSK,1.10,2974305,156300662,https://www.coingecko.com/en/coins/lisk
771,1,72,HUSD,HUSD,1.00,42625000,153955843,https://www.coingecko.com/en/coins/husd
772,1,73,Decred,DCR,12.37,5244688,150091287,https://www.coingecko.com/en/coins/decred
773,1,74,Numeraire,NMR,28.89,2259657,149707792,https://www.coingecko.com/en/coins/numeraire
774,1,75,Blockstack,STX,0.163916,403601,145269314,https://www.coingecko.com/en/coins/blockstack
775,1,76,Terra,LUNA,0.315412,3802988,142205886,https://www.coingecko.com/en/coins/terra-luna
776,1,77,Quant,QNT,11.64,3109734,140589787,https://www.coingecko.com/en/coins/quant
777,1,78,AaveTUSD,ATUSD,0.998607,6477345,139056551,https://www.coingecko.com/en/coins/aave-tusd
778,1,79,BandProtocol,BAND,6.07,51265872,137074399,https://www.coingecko.com/en/coins/band-protocol
779,1,80,BitcoinGold,BTG,7.83,7196469,136778474,https://www.coingecko.com/en/coins/bitcoin-gold
780,1,81,EnjinCoin,ENJ,0.148050,5379898,136675066,https://www.coingecko.com/en/coins/enjin-coin
781,1,82,AaveUSDC,AUSDC,1.00,7274061,130356752,https://www.coingecko.com/en/coins/aave-usdc
782,1,83,Arweave,AR,2.94,4736933,128872615,https://www.coingecko.com/en/coins/arweave
783,1,84,Siacoin,SC,0.00276739,2535870,124354605,https://www.coingecko.com/en/coins/siacoin
784,1,85,OceanProtocol,OCEAN,0.354872,6792649,123206731,https://www.coingecko.com/en/coins/ocean-protocol
785,1,86,AaveOLD,LEND,0.351987,2476671,117093457,https://www.coingecko.com/en/coins/aave-old
786,1,87,yUSD,YVAULTLPYCURVE,1.16,730617,116019850,https://www.coingecko.com/en/coins/yusd
787,1,88,Thorchain,RUNE,0.544029,3960406,114346898,https://www.coingecko.com/en/coins/thorchain
788,1,89,Nano,NANO,0.845325,6173452,113184984,https://www.coingecko.com/en/coins/nano
789,1,90,Aragon,ANT,3.20,11660164,110822882,https://www.coingecko.com/en/coins/aragon
790,1,91,Balancer,BAL,13.14,21242616,107897801,https://www.coingecko.com/en/coins/balancer
791,1,92,Elrond,EGLD,7.32,3346004,105890328,https://www.coingecko.com/en/coins/elrond
792,1,93,ReserveRightsToken,RSR,0.01131224,55713409,105786313,https://www.coingecko.com/en/coins/reserve-rights-token
793,1,94,Ampleforth,AMPL,0.976225,5364959,101166334,https://www.coingecko.com/en/coins/ampleforth
794,1,95,Bytom,BTM,0.06195070,20669395,100929427,https://www.coingecko.com/en/coins/bytom
795,1,96,Avalanche,AVAX,4.07,3397573,99808217,https://www.coingecko.com/en/coins/avalanche
796,1,98,NestProtocol,NEST,0.05498623,26500623,96576437,https://www.coingecko.com/en/coins/nest-protocol
797,1,97,Decentraland,MANA,0.07260562,11680115,96379446,https://www.coingecko.com/en/coins/decentraland
798,1,99,BitcoinDiamond,BCD,0.512666,1820651,96177849,https://www.coingecko.com/en/coins/bitcoin-diamond
799,1,100,DxChainToken,DX,0.00186521,203076,94790225,https://www.coingecko.com/en/coins/dxchain-token
800,1,101,GateToken,GT,0.504143,22721213,94070591,https://www.coingecko.com/en/coins/gatetoken
801,1,108,Golem,GNT,0.09291010,3298021,93999107,https://www.coingecko.com/en/coins/golem
802,1,102,IOST,IOST,0.00556392,18917809,93144798,https://www.coingecko.com/en/coins/iost
803,1,104,Status,SNT,0.02396525,5722387,92993018,https://www.coingecko.com/en/coins/status
804,1,103,Ravencoin,RVN,0.01271370,4698063,92799856,https://www.coingecko.com/en/coins/ravencoin
805,1,105,MonaCoin,MONA,1.27,2137578,92114572,https://www.coingecko.com/en/coins/monacoin
806,1,106,TetherGold,XAUT,1898.85,6.65,91952728,https://www.coingecko.com/en/coins/tether-gold
807,1,107,Swipe,SXP,1.20,17502317,91737531,https://www.coingecko.com/en/coins/swipe
808,1,109,Solana,SOL,2.06,9530141,89791638,https://www.coingecko.com/en/coins/solana
809,1,110,NervosNetwork,CKB,0.00418068,4334425,88125476,https://www.coingecko.com/en/coins/nervos-network
810,1,111,NEXO,NEXO,0.154232,5411167,86283962,https://www.coingecko.com/en/coins/nexo
811,1,112,Holo,HOT,0.00047640,4155620,84205218,https://www.coingecko.com/en/coins/holo
812,1,113,TerraKRW,KRT,0.00086922,61828,79670559,https://www.coingecko.com/en/coins/terra-krw
813,1,114,DFImoney,YFII,1912.29,105488365,75876035,https://www.coingecko.com/en/coins/dfi-money
814,1,115,Verge,XVG,0.00461877,1655675,75608434,https://www.coingecko.com/en/coins/verge
815,1,116,KuCoinShares,KCS,0.927147,5454568,74753200,https://www.coingecko.com/en/coins/kucoin-shares
816,1,117,Divi,DIVI,0.03656574,397032,71380132,https://www.coingecko.com/en/coins/divi
817,1,118,Augur,REP,13.62,5351221,70369646,https://www.coingecko.com/en/coins/augur
818,1,119,sUSD,SUSD,1.01,2062730,69511432,https://www.coingecko.com/en/coins/susd
819,1,120,BancorNetworkToken,BNT,1.04,49140390,68608154,https://www.coingecko.com/en/coins/bancor-network
820,1,122,HuobiBTC,HBTC,11209.02,0,67367395,https://www.coingecko.com/en/coins/huobi-btc
821,1,121,Sushi,SUSHI,0.672905,25844795,67264081,https://www.coingecko.com/en/coins/sushi
822,1,123,PAXGold,PAXG,1910.56,970977,66204730,https://www.coingecko.com/en/coins/pax-gold
823,1,124,apMCoin,APM,0.180029,25120849,65170193,https://www.coingecko.com/en/coins/apm-coin
824,1,126,Vitae,VITAE,3.23,1356501,64089530,https://www.coingecko.com/en/coins/vitae
825,1,125,Komodo,KMD,0.520872,2596434,63736089,https://www.coingecko.com/en/coins/komodo
826,1,127,Fantom,FTM,0.02521950,4503619,63391936,https://www.coingecko.com/en/coins/fantom
827,1,128,MaticNetwork,MATIC,0.01627215,11744136,62348779,https://www.coingecko.com/en/coins/matic-network
828,1,129,UquidCoin,UQC,6.02,8872470,60175595,https://www.coingecko.com/en/coins/uquid-coin
829,1,131,Serum,SRM,1.19,18464569,59405299,https://www.coingecko.com/en/coins/serum
830,1,132,iExecRLC,RLC,0.845640,2520865,59385538,https://www.coingecko.com/en/coins/iexec-rlc
831,1,130,Horizen,ZEN,5.87,5892122,59061963,https://www.coingecko.com/en/coins/horizen
832,1,133,HarvestFinance,FARM,287.49,10923503,58812829,https://www.coingecko.com/en/coins/harvest-finance
833,1,134,TitanSwap,TITAN,0.582846,7097766,58276552,https://www.coingecko.com/en/coins/titanswap
834,1,135,Kava,KAVA,1.97,8351919,57953421,https://www.coingecko.com/en/coins/kava
835,1,137,Steem,STEEM,0.157038,2709692,57511191,https://www.coingecko.com/en/coins/steem
836,1,138,KeepNetwork,KEEP,0.532649,1840534,57382071,https://www.coingecko.com/en/coins/keep-network
837,1,136,WrappedNXM,WNXM,29.10,9226902,57364143,https://www.coingecko.com/en/coins/wrapped-nxm
838,1,139,Chiliz,CHZ,0.01071603,3913061,57264299,https://www.coingecko.com/en/coins/chiliz
839,1,140,cVaultfinance,CORE,5625.07,5521227,56250722,https://www.coingecko.com/en/coins/cvault-finance
840,1,141,UTRUST,UTK,0.124783,2600876,56161733,https://www.coingecko.com/en/coins/utrust
841,1,142,Storj,STORJ,0.390338,19630768,55982011,https://www.coingecko.com/en/coins/storj
842,1,143,EightHours,EHRT,0.02926799,294598,55911742,https://www.coingecko.com/en/coins/eight-hours
843,1,146,RIFToken,RIF,0.08455388,379858,55453493,https://www.coingecko.com/en/coins/rif-token
844,1,145,c0x,CZRX,0.00779605,570413,55371251,https://www.coingecko.com/en/coins/compound-0x
845,1,147,Constellation,DAG,0.01036151,116657,54900969,https://www.coingecko.com/en/coins/constellation
846,1,148,Hive,HIVE,0.147277,1039127,54781626,https://www.coingecko.com/en/coins/hive
847,1,144,MATH,MATH,0.471931,2208793,54278584,https://www.coingecko.com/en/coins/math
848,1,149,IRISnet,IRIS,0.06396127,3515520,54154290,https://www.coingecko.com/en/coins/irisnet
849,1,150,Electroneum,ETN,0.00528002,651532,53856890,https://www.coingecko.com/en/coins/electroneum
850,1,151,ShareToken,SHR,0.02208199,4906987,53420326,https://www.coingecko.com/en/coins/sharetoken
851,1,152,WAX,WAXP,0.03854388,272589,52880268,https://www.coingecko.com/en/coins/wax
852,1,153,Velas,VLX,0.03751604,2587417,52580791,https://www.coingecko.com/en/coins/velas
853,1,154,MCO,MCO,3.28,1473523,51774173,https://www.coingecko.com/en/coins/mco
854,1,156,SwissBorg,CHSB,0.07161098,319433,51685557,https://www.coingecko.com/en/coins/swissborg
855,1,157,BitShares,BTS,0.01887898,12521537,51580260,https://www.coingecko.com/en/coins/bitshares
856,1,155,Helium,HNT,1.14,2923997,51469746,https://www.coingecko.com/en/coins/helium
857,1,158,Gnosis,GNO,46.45,818847,51298691,https://www.coingecko.com/en/coins/gnosis
858,1,159,TomoChain,TOMO,0.664050,4765653,50366206,https://www.coingecko.com/en/coins/tomochain
859,1,160,Ankr,ANKR,0.00842805,10528697,49215679,https://www.coingecko.com/en/coins/ankr-network
860,1,162,Ardor,ARDR,0.04890156,2781645,48893313,https://www.coingecko.com/en/coins/ardor
861,1,161,MaidSafeCoin,MAID,0.108098,263728,48797444,https://www.coingecko.com/en/coins/maidsafecoin
862,1,163,Enigma,ENG,0.589456,123412,48706558,https://www.coingecko.com/en/coins/enigma
863,1,164,Energi,NRG,1.42,1201750,48537977,https://www.coingecko.com/en/coins/energi
864,1,165,Livepeer,LPT,2.15,19246.53,48219333,https://www.coingecko.com/en/coins/livepeer
865,1,166,HyperCash,HC,1.07,7112329,47963153,https://www.coingecko.com/en/coins/hypercash
866,1,167,Ultra,UOS,0.09751510,524136,45541266,https://www.coingecko.com/en/coins/ultra
867,1,168,Ark,ARK,0.291388,1058751,44545251,https://www.coingecko.com/en/coins/ark
868,1,171,ZBToken,ZB,0.272717,8807895,43229229,https://www.coingecko.com/en/coins/zb-token
869,1,169,Zcoin,XZC,3.87,4687723,43008654,https://www.coingecko.com/en/coins/zcoin
870,1,170,elf,ELF,0.09237613,5706173,42586984,https://www.coingecko.com/en/coins/elf
871,1,172,Hxro,HXRO,0.210800,457661,42510728,https://www.coingecko.com/en/coins/hxro
872,1,173,RocketPool,RPL,2.64,585427,41907911,https://www.coingecko.com/en/coins/rocket-pool
873,1,176,Handshake,HNS,0.131549,1001575,41535558,https://www.coingecko.com/en/coins/handshake
874,1,174,MXC,MXC,0.01712899,4759826,41428048,https://www.coingecko.com/en/coins/mxc
875,1,175,Unibright,UBT,0.296089,1267596,41336521,https://www.coingecko.com/en/coins/unibright
876,1,177,Stratis,STRAT,0.406816,645790,40676768,https://www.coingecko.com/en/coins/stratis
877,1,178,xDAIStake,STAKE,13.49,6942700,40512630,https://www.coingecko.com/en/coins/xdai-stake
878,1,179,Aeternity,AE,0.108524,9209233,40035412,https://www.coingecko.com/en/coins/aeternity
879,1,180,CurveDAOToken,CRV,0.399107,24759683,39105866,https://www.coingecko.com/en/coins/curve-dao-token
880,1,181,Edgeware,EDG,0.00758115,684303,38676240,https://www.coingecko.com/en/coins/edgeware
881,1,182,PundiX,NPXS,0.00016261,895462,38332421,https://www.coingecko.com/en/coins/pundi-x
882,1,183,Harmony,ONE,0.00525562,4537174,37878398,https://www.coingecko.com/en/coins/harmony
883,1,184,JUST,JST,0.02610742,47714655,37434127,https://www.coingecko.com/en/coins/just
884,1,185,STASISEURO,EURS,1.17,799983,37320541,https://www.coingecko.com/en/coins/stasis-eurs
885,1,187,Hyperion,HYN,0.179275,166863,37302354,https://www.coingecko.com/en/coins/hyperion
886,1,186,VSYSTEMS,VSYS,0.01754634,2723857,37141848,https://www.coingecko.com/en/coins/v-systems
887,1,188,WaykiChain,WICC,0.196212,12123812,37095544,https://www.coingecko.com/en/coins/waykichain
888,1,189,IoTeX,IOTX,0.00631943,3762100,36805854,https://www.coingecko.com/en/coins/iotex
889,1,190,Aion,AION,0.07735304,703112,36174842,https://www.coingecko.com/en/coins/aion
890,1,191,SingularityNET,AGI,0.03807179,669425,36062894,https://www.coingecko.com/en/coins/singularitynet
891,1,192,IDEX,IDEX,0.06674656,592187,35927463,https://www.coingecko.com/en/coins/idex
892,1,195,SOLVE,SOLVE,0.101909,2348602,35658365,https://www.coingecko.com/en/coins/solve-care
893,1,194,mStableUSD,MUSD,0.997734,359965,35475167,https://www.coingecko.com/en/coins/mstable-usd
894,1,193,cUSDT,CUSDT,0.02030243,814435,35468815,https://www.coingecko.com/en/coins/compound-usdt
895,1,196,Fetchai,FET,0.05113148,5662322,35198467,https://www.coingecko.com/en/coins/fetch-ai
896,1,197,PowerLedger,POWR,0.08036602,418005,34547178,https://www.coingecko.com/en/coins/power-ledger
897,1,198,Lambda,LAMB,0.01818817,5051246,33844776,https://www.coingecko.com/en/coins/lambda
898,1,199,Chimpion,BNANA,0.895537,575271,33485914,https://www.coingecko.com/en/coins/chimpion
899,1,200,BitmaxToken,BTMX,0.04305980,3219837,33067035,https://www.coingecko.com/en/coins/bitmax-token
900,2,301,STPNetwork,STPT,0.01693905,1046859,15551891,https://www.coingecko.com/en/coins/bitmax-token
901,2,302,ARPAChain,ARPA,0.01727635,5931431,15443195,https://www.coingecko.com/en/coins/bitmax-token
902,2,303,Medibloc,MED,0.00515706,1211415,15282355,https://www.coingecko.com/en/coins/bitmax-token
903,2,304,MetaverseETP,ETP,0.193156,232796,15236945,https://www.coingecko.com/en/coins/bitmax-token
904,2,305,LTONetwork,LTO,0.06200637,2245784,15085116,https://www.coingecko.com/en/coins/bitmax-token
905,2,306,GeminiDollar,GUSD,1.01,1465297,14987435,https://www.coingecko.com/en/coins/bitmax-token
906,2,307,BellaProtocol,BEL,0.934724,4274887,14917638,https://www.coingecko.com/en/coins/bitmax-token
907,2,308,Grin,GRIN,0.267923,5806000,14858085,https://www.coingecko.com/en/coins/bitmax-token
908,2,309,Ergo,ERG,0.549255,122895,14453570,https://www.coingecko.com/en/coins/bitmax-token
909,2,310,Nebulas,NAS,0.317198,2364718,14412547,https://www.coingecko.com/en/coins/bitmax-token
910,2,311,Apollo,APL,0.00097166,660634,14326767,https://www.coingecko.com/en/coins/bitmax-token
911,2,312,dForceToken,DF,0.115771,2181678,14279673,https://www.coingecko.com/en/coins/bitmax-token
912,2,313,Dragonchain,DRGN,0.05294930,37821,14188085,https://www.coingecko.com/en/coins/bitmax-token
913,2,314,Carry,CRE,0.00161433,433051,13984075,https://www.coingecko.com/en/coins/bitmax-token
914,2,315,PirateChain,ARRR,0.08346377,69333,13952900,https://www.coingecko.com/en/coins/bitmax-token
915,2,316,DarwiniaNetworkNativeToken,RING,0.03095593,1529753,13951621,https://www.coingecko.com/en/coins/bitmax-token
916,2,317,EmptySetDollar,ESD,1.24,1349227,13936621,https://www.coingecko.com/en/coins/bitmax-token
917,2,318,YFValue,YFV,3.73,14869112,13761735,https://www.coingecko.com/en/coins/bitmax-token
918,2,319,BitZToken,BZ,0.106615,6847534,13662460,https://www.coingecko.com/en/coins/bitmax-token
919,2,320,Vertcoin,VTC,0.237777,60258,13543900,https://www.coingecko.com/en/coins/bitmax-token
920,2,321,NashExchange,NEX,0.970376,32578,13529967,https://www.coingecko.com/en/coins/bitmax-token
921,2,322,Zap,ZAP,0.05668685,651475,13454803,https://www.coingecko.com/en/coins/bitmax-token
922,2,323,DeFiPulseIndex,DPI,74.19,1845764,13372478,https://www.coingecko.com/en/coins/bitmax-token
923,2,324,Chromia,CHR,0.02890260,2625095,13029871,https://www.coingecko.com/en/coins/bitmax-token
924,2,325,Groestlcoin,GRS,0.170808,647234,12956019,https://www.coingecko.com/en/coins/bitmax-token
925,2,326,BTUProtocol,BTU,0.161732,63456,12912866,https://www.coingecko.com/en/coins/bitmax-token
926,2,327,Nimiq,NIM,0.00189208,768593,12809137,https://www.coingecko.com/en/coins/bitmax-token
927,2,328,QASH,QASH,0.03681576,1004731,12801294,https://www.coingecko.com/en/coins/bitmax-token
928,2,329,PlatonCoin,PLTC,0.348369,327096,12455778,https://www.coingecko.com/en/coins/bitmax-token
929,2,330,Zenon,ZNN,2.28,148169,12364557,https://www.coingecko.com/en/coins/bitmax-token
930,2,331,Cream,CREAM,26.33,2117396,12245086,https://www.coingecko.com/en/coins/bitmax-token
931,2,332,BitKan,KAN,0.00224440,1036845,12210748,https://www.coingecko.com/en/coins/bitmax-token
932,2,333,B2BX,B2B,0.738485,0,12024655,https://www.coingecko.com/en/coins/bitmax-token
933,2,334,Trustswap,SWAP,0.187792,1318408,11976356,https://www.coingecko.com/en/coins/bitmax-token
934,2,335,NKN,NKN,0.01813441,1421581,11834345,https://www.coingecko.com/en/coins/bitmax-token
935,2,336,pNetwork,PNT,0.400846,1809219,11787460,https://www.coingecko.com/en/coins/bitmax-token
936,2,337,Aergo,AERGO,0.04479587,1121256,11784596,https://www.coingecko.com/en/coins/bitmax-token
937,2,338,AaveUSDT,AUSDT,1.01,0,11722527,https://www.coingecko.com/en/coins/bitmax-token
938,2,339,Dune,DUN,0.02383946,15864.53,11455797,https://www.coingecko.com/en/coins/bitmax-token
939,2,340,FirstBlood,1ST,0.139408,264.65,11357374,https://www.coingecko.com/en/coins/bitmax-token
940,2,341,LibraToken,LBA,0.01663763,922755,11230042,https://www.coingecko.com/en/coins/bitmax-token
941,2,342,FIOProtocol,FIO,0.101777,979586,11180447,https://www.coingecko.com/en/coins/bitmax-token
942,2,343,SafeHaven,SHA,0.00238449,460429,11161912,https://www.coingecko.com/en/coins/bitmax-token
943,2,344,Insolar,XNS,0.07931702,387499,11160661,https://www.coingecko.com/en/coins/bitmax-token
944,2,345,LBRYCredits,LBC,0.02332843,1024760,11104982,https://www.coingecko.com/en/coins/bitmax-token
945,2,346,DUSKNetwork,DUSK,0.03768033,267970,10990521,https://www.coingecko.com/en/coins/bitmax-token
946,2,347,cBAT,CBAT,0.00436963,820344,10980279,https://www.coingecko.com/en/coins/bitmax-token
947,2,348,Venus,XVS,2.96,8349881,10953169,https://www.coingecko.com/en/coins/bitmax-token
948,2,349,Aavegotchi,GHST,0.575083,10567497,10765346,https://www.coingecko.com/en/coins/bitmax-token
949,2,350,Factom,FCT,1.14,19772.84,10705225,https://www.coingecko.com/en/coins/bitmax-token
950,2,351,BounceToken,BOT,404.68,2697683,10703730,https://www.coingecko.com/en/coins/bitmax-token
951,2,352,SALT,SALT,0.122160,43865,10681385,https://www.coingecko.com/en/coins/bitmax-token
952,2,353,Nexus,NXS,0.177895,626975,10621709,https://www.coingecko.com/en/coins/bitmax-token
953,2,354,DigixDAO,DGD,72.17,72764,10586097,https://www.coingecko.com/en/coins/bitmax-token
954,2,355,RaidenNetworkToken,RDN,0.158661,969849,10480359,https://www.coingecko.com/en/coins/bitmax-token
955,2,356,Kadena,KDA,0.223478,585116,10420770,https://www.coingecko.com/en/coins/bitmax-token
956,2,357,Monolith,TKN,0.301945,285458,10416836,https://www.coingecko.com/en/coins/bitmax-token
957,2,358,BasedMoney,BASED,0.616936,559718,10397591,https://www.coingecko.com/en/coins/bitmax-token
958,2,359,SUKU,SUKU,0.121253,2243.59,10316602,https://www.coingecko.com/en/coins/bitmax-token
959,2,360,0chain,ZCN,0.210584,123800,10167299,https://www.coingecko.com/en/coins/bitmax-token
960,2,361,ProximaX,XPX,0.00159880,104792,10039460,https://www.coingecko.com/en/coins/bitmax-token
961,2,362,Einsteinium,EMC2,0.04533430,19164.88,10004030,https://www.coingecko.com/en/coins/bitmax-token
962,2,363,QuantumResistantLedger,QRL,0.137576,4988.02,9958597,https://www.coingecko.com/en/coins/bitmax-token
963,2,364,COCOSBCX,COCOS,0.00025370,665018,9918169,https://www.coingecko.com/en/coins/bitmax-token
964,2,365,Skycoin,SKY,0.519841,351017,9838175,https://www.coingecko.com/en/coins/bitmax-token
965,2,366,Meta,MTA,1.14,6802334,9833650,https://www.coingecko.com/en/coins/bitmax-token
966,2,367,INSTAR,INSTAR,0.04683756,1652.25,9800484,https://www.coingecko.com/en/coins/bitmax-token
967,2,368,MANTRADAO,OM,0.09190133,6549136,9788773,https://www.coingecko.com/en/coins/bitmax-token
968,2,369,AlchemyPay,ACH,0.01007030,3974517,9635827,https://www.coingecko.com/en/coins/bitmax-token
969,2,370,sETH,SETH,378.11,184888,9593688,https://www.coingecko.com/en/coins/bitmax-token
970,2,371,Waltonchain,WTC,0.322545,1448971,9571882,https://www.coingecko.com/en/coins/bitmax-token
971,2,372,Vite,VITE,0.01757477,696081,9544782,https://www.coingecko.com/en/coins/bitmax-token
972,2,373,NXT,NXT,0.00956072,1839038,9534621,https://www.coingecko.com/en/coins/bitmax-token
973,2,374,Wings,WINGS,0.104008,7799.42,9490563,https://www.coingecko.com/en/coins/bitmax-token
974,2,,TEFOOD,TFD,0.01645974,6923.19,9327998,https://www.coingecko.com/en/coins/bitmax-token
975,2,376,PACGlobal,PAC,0.00073093,3837.36,9130246,https://www.coingecko.com/en/coins/bitmax-token
976,2,377,NucoCloud,NCDT,1.38,37383,8992506,https://www.coingecko.com/en/coins/bitmax-token
977,2,378,IQeon,IQN,1.75,282668,8990543,https://www.coingecko.com/en/coins/bitmax-token
978,2,379,Refereum,RFR,0.00184241,1871628,8990384,https://www.coingecko.com/en/coins/bitmax-token
979,2,380,Telcoin,TEL,0.00018417,46962,8987396,https://www.coingecko.com/en/coins/bitmax-token
980,2,381,NavCoin,NAV,0.126683,131220,8861525,https://www.coingecko.com/en/coins/bitmax-token
981,2,382,AaveMKR,AMKR,565.75,0,8754513,https://www.coingecko.com/en/coins/bitmax-token
982,2,383,Quark,QRK,0.03251030,1275.54,8676799,https://www.coingecko.com/en/coins/bitmax-token
983,2,384,Wagerr,WGR,0.03984567,2189.67,8641069,https://www.coingecko.com/en/coins/bitmax-token
984,2,385,Sai,SAI,1.84,38.27,8631238,https://www.coingecko.com/en/coins/bitmax-token
985,2,386,AaveSNX,ASNX,3.52,0,8619409,https://www.coingecko.com/en/coins/bitmax-token
986,2,387,Unitrade,TRADE,0.304338,1114047,8583537,https://www.coingecko.com/en/coins/bitmax-token
987,2,388,SantimentNetworkToken,SAN,0.133427,1586.91,8532284,https://www.coingecko.com/en/coins/bitmax-token
988,2,389,Metronome,MET,0.766109,286113,8519235,https://www.coingecko.com/en/coins/bitmax-token
989,2,390,DMMGovernance,DMG,0.222471,1648507,8505344,https://www.coingecko.com/en/coins/bitmax-token
990,2,391,CoinMetro,XCM,0.04040221,8727.58,8485601,https://www.coingecko.com/en/coins/bitmax-token
991,2,392,PARSIQ,PRQ,0.08178973,155186,8471017,https://www.coingecko.com/en/coins/bitmax-token
992,2,393,OduwaCoin,OWC,0.565399,13442.30,8414567,https://www.coingecko.com/en/coins/bitmax-token
993,2,394,FOAM,FOAM,0.02407072,33221,8347799,https://www.coingecko.com/en/coins/bitmax-token
994,2,395,PowerPoolConcentratedVotingPower,CVP,1.45,8786034,8208658,https://www.coingecko.com/en/coins/bitmax-token
995,2,396,RioDeFi,RFUEL,0.07264565,9790792,8183553,https://www.coingecko.com/en/coins/bitmax-token
996,2,397,MetaHash,MHC,0.00361509,1827004,8168019,https://www.coingecko.com/en/coins/bitmax-token
997,2,398,WingFinance,WING,14.80,3401570,8130606,https://www.coingecko.com/en/coins/bitmax-token
998,2,399,Blocknet,BLOCK,1.13,15088.89,8096774,https://www.coingecko.com/en/coins/bitmax-token
999,2,400,BuySell,BULL,1.61,0,8086692,https://www.coingecko.com/en/coins/bitmax-token
